Date,Time,HomeTeam,AwayTeam,FTHG,FTAG,FTR,HTHG,HTAG,HTR,HS,AS,HST,AST,HF,AF,HC,AC,HY,AY,HR,AR,half_time_result_sum,final_result_sum,home_team_proportion,away_team_proportion,TimeNew,TimeSlot,Day,Month,Year,Weekday,Weekend,0.5_under_half,1.5_under_half,2.5_under_half,0.5_under_final,1.5_under_final,2.5_under_final,3.5_under_final,4.5_under_final,0.5_above_half,1.5_above_half,2.5_above_half,0.5_above_final,1.5_above_final,2.5_above_final,3.5_above_final,4.5_above_final,mutual_goal,MS_1_under_1_5,MS_2_under_1_5,MS_0_under_1_5,MS_1_above_1_5,MS_2_above_1_5,MS_0_above_1_5,MS_1_under_2_5,MS_2_under_2_5,MS_0_under_2_5,MS_1_above_2_5,MS_2_above_2_5,MS_0_above_2_5,MS_1_under_3_5,MS_2_under_3_5,MS_0_under_3_5,MS_1_above_3_5,MS_2_above_3_5,MS_0_above_3_5,MS_1_under_4_5,MS_2_under_4_5,MS_0_under_4_5,MS_1_above_4_5,MS_2_above_4_5,MS_0_above_4_5
2019-08-09,20:00,Liverpool,Norwich,4,1,1,4,0,1,15,12,7,5,9,9,11,2,0,2,0,0,4,5,46.666666666666664,41.66666666666667,20,Night,9,8,2019,4,0,0,0,0,0,0,0,0,0,1,1,1,1,1,1,1,1,1,0,0,0,1,0,0,0,0,0,1,0,0,0,0,0,1,0,0,0,0,0,0,0,0
2019-08-10,12:30,West Ham,Man City,0,5,2,0,1,2,5,14,3,9,6,13,1,1,2,2,0,0,1,5,60.0,64.28571428571429,12,Morning,10,8,2019,5,0,0,1,1,0,0,0,0,0,1,0,0,1,1,1,1,1,0,0,0,0,0,1,0,0,0,0,0,1,0,0,0,0,0,1,0,0,0,0,0,0,0
2019-08-10,15:00,Bournemouth,Sheffield United,1,1,0,0,0,0,13,8,3,3,10,19,3,4,2,1,0,0,0,2,23.076923076923077,37.5,15,Morning,10,8,2019,5,0,1,1,1,0,0,1,1,1,0,0,0,1,1,0,0,0,1,0,0,0,0,0,0,0,0,1,0,0,0,0,0,1,0,0,0,0,0,1,0,0,0
2019-08-10,15:00,Burnley,Southampton,3,0,1,0,0,0,10,11,4,3,6,12,2,7,0,0,0,0,0,3,40.0,27.27272727272727,15,Morning,10,8,2019,5,0,1,1,1,0,0,0,1,1,0,0,0,1,1,1,0,0,0,0,0,0,1,0,0,0,0,0,0,0,0,1,0,0,0,0,0,1,0,0,0,0,0
2019-08-10,15:00,Crystal Palace,Everton,0,0,0,0,0,0,6,10,2,3,16,14,6,2,2,1,0,1,0,0,33.33333333333333,30.0,15,Morning,10,8,2019,5,0,1,1,1,1,1,1,1,1,0,0,0,0,0,0,0,0,0,0,0,1,0,0,0,0,0,1,0,0,0,0,0,1,0,0,0,0,0,1,0,0,0
2019-08-10,15:00,Watford,Brighton,0,3,2,0,1,2,11,5,3,3,15,11,5,2,0,1,0,0,1,3,27.27272727272727,60.0,15,Morning,10,8,2019,5,0,0,1,1,0,0,0,1,1,1,0,0,1,1,1,0,0,0,0,0,0,0,1,0,0,0,0,0,0,0,0,1,0,0,0,0,0,1,0,0,0,0
2019-08-10,17:30,Tottenham,Aston Villa,3,1,1,0,1,2,31,7,7,4,13,9,14,0,1,0,0,0,1,4,22.58064516129032,57.14285714285714,17,Afternoon,10,8,2019,5,0,0,1,1,0,0,0,0,1,1,0,0,1,1,1,1,0,1,0,0,0,1,0,0,0,0,0,1,0,0,0,0,0,0,0,0,1,0,0,0,0,0
2019-08-11,14:00,Leicester,Wolves,0,0,0,0,0,0,15,8,1,2,3,13,12,3,0,2,0,0,0,0,6.666666666666667,25.0,14,Morning,11,8,2019,6,1,1,1,1,1,1,1,1,1,0,0,0,0,0,0,0,0,0,0,0,1,0,0,0,0,0,1,0,0,0,0,0,1,0,0,0,0,0,1,0,0,0
2019-08-11,14:00,Newcastle,Arsenal,0,1,2,0,0,0,9,8,2,2,12,7,5,3,1,3,0,0,0,1,22.22222222222222,25.0,14,Morning,11,8,2019,6,1,1,1,1,0,1,1,1,1,0,0,0,1,0,0,0,0,0,0,1,0,0,0,0,0,1,0,0,0,0,0,1,0,0,0,0,0,1,0,0,0,0
2019-08-11,16:30,Man United,Chelsea,4,0,1,1,0,1,11,18,5,7,15,13,3,5,3,4,0,0,1,4,45.45454545454545,38.88888888888889,16,Afternoon,11,8,2019,6,1,0,1,1,0,0,0,0,1,1,0,0,1,1,1,1,0,0,0,0,0,1,0,0,0,0,0,1,0,0,0,0,0,0,0,0,1,0,0,0,0,0
2019-08-17,12:30,Arsenal,Burnley,2,1,1,1,1,0,16,18,9,5,13,11,10,7,2,1,0,0,2,3,56.25,27.77777777777778,12,Morning,17,8,2019,5,0,0,1,1,0,0,0,1,1,1,0,0,1,1,1,0,0,1,0,0,0,1,0,0,0,0,0,0,0,0,1,0,0,0,0,0,1,0,0,0,0,0
2019-08-17,15:00,Aston Villa,Bournemouth,1,2,2,0,2,2,22,12,7,4,10,13,10,5,0,2,0,0,2,3,31.818181818181817,33.33333333333333,15,Morning,17,8,2019,5,0,0,0,1,0,0,0,1,1,1,1,0,1,1,1,0,0,1,0,0,0,0,1,0,0,0,0,0,0,0,0,1,0,0,0,0,0,1,0,0,0,0
2019-08-17,15:00,Brighton,West Ham,1,1,0,0,0,0,16,8,4,3,11,10,8,6,0,2,0,0,0,2,25.0,37.5,15,Morning,17,8,2019,5,0,1,1,1,0,0,1,1,1,0,0,0,1,1,0,0,0,1,0,0,0,0,0,0,0,0,1,0,0,0,0,0,1,0,0,0,0,0,1,0,0,0
2019-08-17,15:00,Everton,Watford,1,0,1,1,0,1,12,8,2,2,11,11,4,7,2,3,0,0,1,1,16.666666666666664,25.0,15,Morning,17,8,2019,5,0,0,1,1,0,1,1,1,1,1,0,0,1,0,0,0,0,0,1,0,0,0,0,0,1,0,0,0,0,0,1,0,0,0,0,0,1,0,0,0,0,0
2019-08-17,15:00,Norwich,Newcastle,3,1,1,1,0,1,15,10,8,3,9,11,7,5,1,3,0,0,1,4,53.333333333333336,30.0,15,Morning,17,8,2019,5,0,0,1,1,0,0,0,0,1,1,0,0,1,1,1,1,0,1,0,0,0,1,0,0,0,0,0,1,0,0,0,0,0,0,0,0,1,0,0,0,0,0
2019-08-17,15:00,Southampton,Liverpool,1,2,2,0,1,2,14,15,3,6,10,6,5,9,2,1,0,0,1,3,21.428571428571427,40.0,15,Morning,17,8,2019,5,0,0,1,1,0,0,0,1,1,1,0,0,1,1,1,0,0,1,0,0,0,0,1,0,0,0,0,0,0,0,0,1,0,0,0,0,0,1,0,0,0,0
2019-08-17,17:30,Man City,Tottenham,2,2,0,2,1,1,30,3,10,2,14,4,13,2,1,0,0,0,3,4,33.33333333333333,66.66666666666666,17,Afternoon,17,8,2019,5,0,0,0,1,0,0,0,0,1,1,1,0,1,1,1,1,0,1,0,0,0,0,0,1,0,0,0,0,0,1,0,0,0,0,0,0,0,0,1,0,0,0
2019-08-18,14:00,Sheffield United,Crystal Palace,1,0,1,0,0,0,15,6,3,4,16,11,8,4,3,1,0,0,0,1,20.0,66.66666666666666,14,Morning,18,8,2019,6,1,1,1,1,0,1,1,1,1,0,0,0,1,0,0,0,0,0,1,0,0,0,0,0,1,0,0,0,0,0,1,0,0,0,0,0,1,0,0,0,0,0
2019-08-18,16:30,Chelsea,Leicester,1,1,0,1,0,1,14,12,5,3,9,14,4,5,1,0,0,0,1,2,35.714285714285715,25.0,16,Afternoon,18,8,2019,6,1,0,1,1,0,0,1,1,1,1,0,0,1,1,0,0,0,1,0,0,0,0,0,0,0,0,1,0,0,0,0,0,1,0,0,0,0,0,1,0,0,0
2019-08-19,20:00,Wolves,Man United,1,1,0,0,1,2,6,9,2,2,17,8,4,6,2,2,0,0,1,2,33.33333333333333,22.22222222222222,20,Night,19,8,2019,0,0,0,1,1,0,0,1,1,1,1,0,0,1,1,0,0,0,1,0,0,0,0,0,0,0,0,1,0,0,0,0,0,1,0,0,0,0,0,1,0,0,0
2019-08-23,20:00,Aston Villa,Everton,2,0,1,1,0,1,7,12,3,1,10,18,0,6,2,3,0,0,1,2,42.857142857142854,8.333333333333332,20,Night,23,8,2019,4,0,0,1,1,0,0,1,1,1,1,0,0,1,1,0,0,0,0,0,0,0,0,0,0,1,0,0,0,0,0,1,0,0,0,0,0,1,0,0,0,0,0
2019-08-24,12:30,Norwich,Chelsea,2,3,2,2,2,0,6,23,5,8,9,9,1,8,1,1,0,0,4,5,83.33333333333334,34.78260869565217,12,Morning,24,8,2019,5,0,0,0,1,0,0,0,0,0,1,1,0,1,1,1,1,1,1,0,0,0,0,1,0,0,0,0,0,1,0,0,0,0,0,1,0,0,0,0,0,0,0
2019-08-24,15:00,Brighton,Southampton,0,2,2,0,0,0,12,12,3,4,9,10,8,5,1,3,1,0,0,2,25.0,33.33333333333333,15,Morning,24,8,2019,5,0,1,1,1,0,0,1,1,1,0,0,0,1,1,0,0,0,0,0,0,0,0,0,0,0,1,0,0,0,0,0,1,0,0,0,0,0,1,0,0,0,0
2019-08-24,15:00,Man United,Crystal Palace,1,2,2,0,1,2,22,5,3,3,8,18,8,1,2,4,0,0,1,3,13.636363636363635,60.0,15,Morning,24,8,2019,5,0,0,1,1,0,0,0,1,1,1,0,0,1,1,1,0,0,1,0,0,0,0,1,0,0,0,0,0,0,0,0,1,0,0,0,0,0,1,0,0,0,0
2019-08-24,15:00,Sheffield United,Leicester,1,2,2,0,1,2,8,10,3,2,11,6,7,4,1,0,0,0,1,3,37.5,20.0,15,Morning,24,8,2019,5,0,0,1,1,0,0,0,1,1,1,0,0,1,1,1,0,0,1,0,0,0,0,1,0,0,0,0,0,0,0,0,1,0,0,0,0,0,1,0,0,0,0
2019-08-24,15:00,Watford,West Ham,1,3,2,1,1,0,23,16,3,10,12,11,8,7,1,1,0,0,2,4,13.043478260869565,62.5,15,Morning,24,8,2019,5,0,0,1,1,0,0,0,0,1,1,0,0,1,1,1,1,0,1,0,0,0,0,1,0,0,0,0,0,1,0,0,0,0,0,0,0,0,1,0,0,0,0
2019-08-24,17:30,Liverpool,Arsenal,3,1,1,1,0,1,25,9,5,3,8,5,6,4,1,1,0,0,1,4,20.0,33.33333333333333,17,Afternoon,24,8,2019,5,0,0,1,1,0,0,0,0,1,1,0,0,1,1,1,1,0,1,0,0,0,1,0,0,0,0,0,1,0,0,0,0,0,0,0,0,1,0,0,0,0,0
2019-08-25,14:00,Bournemouth,Man City,1,3,2,1,2,2,10,19,7,5,7,13,4,5,1,3,0,0,3,4,70.0,26.31578947368421,14,Morning,25,8,2019,6,1,0,0,1,0,0,0,0,1,1,1,0,1,1,1,1,0,1,0,0,0,0,1,0,0,0,0,0,1,0,0,0,0,0,0,0,0,1,0,0,0,0
2019-08-25,16:30,Tottenham,Newcastle,0,1,2,0,1,2,17,8,2,3,10,5,6,6,2,2,0,0,1,1,11.76470588235294,37.5,16,Afternoon,25,8,2019,6,1,0,1,1,0,1,1,1,1,1,0,0,1,0,0,0,0,0,0,1,0,0,0,0,0,1,0,0,0,0,0,1,0,0,0,0,0,1,0,0,0,0
2019-08-25,16:30,Wolves,Burnley,1,1,0,0,1,2,17,13,2,4,9,11,4,3,0,2,0,0,1,2,11.76470588235294,30.76923076923077,16,Afternoon,25,8,2019,6,1,0,1,1,0,0,1,1,1,1,0,0,1,1,0,0,0,1,0,0,0,0,0,0,0,0,1,0,0,0,0,0,1,0,0,0,0,0,1,0,0,0
2019-08-31,12:30,Southampton,Man United,1,1,0,0,1,2,10,21,2,8,17,7,2,3,1,2,1,0,1,2,20.0,38.095238095238095,12,Morning,31,8,2019,5,0,0,1,1,0,0,1,1,1,1,0,0,1,1,0,0,0,1,0,0,0,0,0,0,0,0,1,0,0,0,0,0,1,0,0,0,0,0,1,0,0,0
2019-08-31,15:00,Chelsea,Sheffield United,2,2,0,2,0,1,13,8,5,2,6,11,3,4,0,1,0,0,2,4,38.46153846153847,25.0,15,Morning,31,8,2019,5,0,0,0,1,0,0,0,0,1,1,1,0,1,1,1,1,0,1,0,0,0,0,0,1,0,0,0,0,0,1,0,0,0,0,0,0,0,0,1,0,0,0
2019-08-31,15:00,Crystal Palace,Aston Villa,1,0,1,0,0,0,22,10,5,2,15,16,13,2,2,4,0,1,0,1,22.727272727272727,20.0,15,Morning,31,8,2019,5,0,1,1,1,0,1,1,1,1,0,0,0,1,0,0,0,0,0,1,0,0,0,0,0,1,0,0,0,0,0,1,0,0,0,0,0,1,0,0,0,0,0
2019-08-31,15:00,Leicester,Bournemouth,3,1,1,2,1,1,13,8,5,2,9,11,4,5,1,3,0,0,3,4,38.46153846153847,25.0,15,Morning,31,8,2019,5,0,0,0,1,0,0,0,0,1,1,1,0,1,1,1,1,0,1,0,0,0,1,0,0,0,0,0,1,0,0,0,0,0,0,0,0,1,0,0,0,0,0
2019-08-31,15:00,Man City,Brighton,4,0,1,2,0,1,15,6,6,2,10,6,8,1,1,1,0,0,2,4,40.0,33.33333333333333,15,Morning,31,8,2019,5,0,0,0,1,0,0,0,0,1,1,1,0,1,1,1,1,0,0,0,0,0,1,0,0,0,0,0,1,0,0,0,0,0,0,0,0,1,0,0,0,0,0
2019-08-31,15:00,Newcastle,Watford,1,1,0,1,1,0,13,13,5,3,5,11,6,5,2,3,0,0,2,2,38.46153846153847,23.076923076923077,15,Morning,31,8,2019,5,0,0,1,1,0,0,1,1,1,1,0,0,1,1,0,0,0,1,0,0,0,0,0,0,0,0,1,0,0,0,0,0,1,0,0,0,0,0,1,0,0,0
2019-08-31,15:00,West Ham,Norwich,2,0,1,1,0,1,18,8,8,3,16,10,8,2,2,1,0,0,1,2,44.44444444444444,37.5,15,Morning,31,8,2019,5,0,0,1,1,0,0,1,1,1,1,0,0,1,1,0,0,0,0,0,0,0,0,0,0,1,0,0,0,0,0,1,0,0,0,0,0,1,0,0,0,0,0
2019-08-31,17:30,Burnley,Liverpool,0,3,2,0,2,2,7,15,2,7,10,16,6,4,0,0,0,0,2,3,28.57142857142857,46.666666666666664,17,Afternoon,31,8,2019,5,0,0,0,1,0,0,0,1,1,1,1,0,1,1,1,0,0,0,0,0,0,0,1,0,0,0,0,0,0,0,0,1,0,0,0,0,0,1,0,0,0,0
2019-09-01,14:00,Everton,Wolves,3,2,1,2,1,1,15,8,6,5,12,12,7,7,1,4,0,1,3,5,40.0,62.5,14,Morning,1,9,2019,6,1,0,0,1,0,0,0,0,0,1,1,0,1,1,1,1,1,1,0,0,0,1,0,0,0,0,0,1,0,0,0,0,0,1,0,0,0,0,0,0,0,0
2019-09-01,16:30,Arsenal,Tottenham,2,2,0,1,2,2,26,13,8,9,13,19,11,6,3,5,0,0,3,4,30.76923076923077,69.23076923076923,16,Afternoon,1,9,2019,6,1,0,0,1,0,0,0,0,1,1,1,0,1,1,1,1,0,1,0,0,0,0,0,1,0,0,0,0,0,1,0,0,0,0,0,0,0,0,1,0,0,0
2019-09-14,12:30,Liverpool,Newcastle,3,1,1,2,1,1,21,8,9,1,5,4,10,1,0,0,0,0,3,4,42.857142857142854,12.5,12,Morning,14,9,2019,5,0,0,0,1,0,0,0,0,1,1,1,0,1,1,1,1,0,1,0,0,0,1,0,0,0,0,0,1,0,0,0,0,0,0,0,0,1,0,0,0,0,0
2019-09-14,15:00,Brighton,Burnley,1,1,0,0,0,0,14,7,5,1,13,7,3,6,0,2,0,0,0,2,35.714285714285715,14.285714285714285,15,Morning,14,9,2019,5,0,1,1,1,0,0,1,1,1,0,0,0,1,1,0,0,0,1,0,0,0,0,0,0,0,0,1,0,0,0,0,0,1,0,0,0,0,0,1,0,0,0
2019-09-14,15:00,Man United,Leicester,1,0,1,1,0,1,10,9,5,3,14,14,3,9,1,2,0,0,1,1,50.0,33.33333333333333,15,Morning,14,9,2019,5,0,0,1,1,0,1,1,1,1,1,0,0,1,0,0,0,0,0,1,0,0,0,0,0,1,0,0,0,0,0,1,0,0,0,0,0,1,0,0,0,0,0
2019-09-14,15:00,Sheffield United,Southampton,0,1,2,0,0,0,17,11,4,7,10,7,12,6,1,1,1,0,0,1,23.52941176470588,63.63636363636363,15,Morning,14,9,2019,5,0,1,1,1,0,1,1,1,1,0,0,0,1,0,0,0,0,0,0,1,0,0,0,0,0,1,0,0,0,0,0,1,0,0,0,0,0,1,0,0,0,0
2019-09-14,15:00,Tottenham,Crystal Palace,4,0,1,4,0,1,13,11,5,6,19,11,4,3,4,2,0,0,4,4,38.46153846153847,54.54545454545454,15,Morning,14,9,2019,5,0,0,0,0,0,0,0,0,1,1,1,1,1,1,1,1,0,0,0,0,0,1,0,0,0,0,0,1,0,0,0,0,0,0,0,0,1,0,0,0,0,0
2019-09-14,15:00,Wolves,Chelsea,2,5,2,0,3,2,11,15,4,6,8,11,7,5,1,2,0,0,3,7,36.36363636363637,40.0,15,Morning,14,9,2019,5,0,0,0,0,0,0,0,0,0,1,1,1,1,1,1,1,1,1,0,0,0,0,1,0,0,0,0,0,1,0,0,0,0,0,1,0,0,0,0,0,1,0
2019-09-14,17:30,Norwich,Man City,3,2,1,2,1,1,7,25,3,8,8,7,3,16,3,1,0,0,3,5,42.857142857142854,32.0,17,Afternoon,14,9,2019,5,0,0,0,1,0,0,0,0,0,1,1,0,1,1,1,1,1,1,0,0,0,1,0,0,0,0,0,1,0,0,0,0,0,1,0,0,0,0,0,0,0,0
2019-09-15,14:00,Bournemouth,Everton,3,1,1,1,1,0,13,14,6,5,5,14,7,7,0,4,0,0,2,4,46.15384615384615,35.714285714285715,14,Morning,15,9,2019,6,1,0,1,1,0,0,0,0,1,1,0,0,1,1,1,1,0,1,0,0,0,1,0,0,0,0,0,1,0,0,0,0,0,0,0,0,1,0,0,0,0,0
2019-09-15,16:30,Watford,Arsenal,2,2,0,0,2,2,31,10,7,4,14,4,7,1,3,3,0,0,2,4,22.58064516129032,40.0,16,Afternoon,15,9,2019,6,1,0,0,1,0,0,0,0,1,1,1,0,1,1,1,1,0,1,0,0,0,0,0,1,0,0,0,0,0,1,0,0,0,0,0,0,0,0,1,0,0,0
2019-09-16,20:00,Aston Villa,West Ham,0,0,0,0,0,0,10,13,5,1,13,12,2,4,2,1,0,1,0,0,50.0,7.6923076923076925,20,Night,16,9,2019,0,0,1,1,1,1,1,1,1,1,0,0,0,0,0,0,0,0,0,0,0,1,0,0,0,0,0,1,0,0,0,0,0,1,0,0,0,0,0,1,0,0,0
2019-09-20,20:00,Southampton,Bournemouth,1,3,2,0,2,2,25,6,6,3,8,9,4,5,1,3,0,0,2,4,24.0,50.0,20,Night,20,9,2019,4,0,0,0,1,0,0,0,0,1,1,1,0,1,1,1,1,0,1,0,0,0,0,1,0,0,0,0,0,1,0,0,0,0,0,0,0,0,1,0,0,0,0
2019-09-21,12:30,Leicester,Tottenham,2,1,1,0,1,2,16,11,7,4,16,13,8,2,1,2,0,0,1,3,43.75,36.36363636363637,12,Morning,21,9,2019,5,0,0,1,1,0,0,0,1,1,1,0,0,1,1,1,0,0,1,0,0,0,1,0,0,0,0,0,0,0,0,1,0,0,0,0,0,1,0,0,0,0,0
2019-09-21,15:00,Burnley,Norwich,2,0,1,2,0,1,13,11,6,2,11,10,7,3,0,1,0,0,2,2,46.15384615384615,18.181818181818183,15,Morning,21,9,2019,5,0,0,0,1,0,0,1,1,1,1,1,0,1,1,0,0,0,0,0,0,0,0,0,0,1,0,0,0,0,0,1,0,0,0,0,0,1,0,0,0,0,0
2019-09-21,15:00,Everton,Sheffield United,0,2,2,0,1,2,16,2,3,1,9,9,12,3,1,3,0,0,1,2,18.75,50.0,15,Morning,21,9,2019,5,0,0,1,1,0,0,1,1,1,1,0,0,1,1,0,0,0,0,0,0,0,0,0,0,0,1,0,0,0,0,0,1,0,0,0,0,0,1,0,0,0,0
2019-09-21,15:00,Man City,Watford,8,0,1,5,0,1,28,5,11,4,5,9,5,4,2,2,0,0,5,8,39.285714285714285,80.0,15,Morning,21,9,2019,5,0,0,0,0,0,0,0,0,0,1,1,1,1,1,1,1,1,0,0,0,0,1,0,0,0,0,0,1,0,0,0,0,0,1,0,0,0,0,0,1,0,0
2019-09-21,17:30,Newcastle,Brighton,0,0,0,0,0,0,11,16,4,3,12,8,5,3,2,1,0,0,0,0,36.36363636363637,18.75,17,Afternoon,21,9,2019,5,0,1,1,1,1,1,1,1,1,0,0,0,0,0,0,0,0,0,0,0,1,0,0,0,0,0,1,0,0,0,0,0,1,0,0,0,0,0,1,0,0,0
2019-09-22,14:00,Crystal Palace,Wolves,1,1,0,0,0,0,13,14,4,4,7,10,6,7,2,1,0,1,0,2,30.76923076923077,28.57142857142857,14,Morning,22,9,2019,6,1,1,1,1,0,0,1,1,1,0,0,0,1,1,0,0,0,1,0,0,0,0,0,0,0,0,1,0,0,0,0,0,1,0,0,0,0,0,1,0,0,0
2019-09-22,14:00,West Ham,Man United,2,0,1,1,0,1,8,9,6,3,8,9,3,7,2,2,0,0,1,2,75.0,33.33333333333333,14,Morning,22,9,2019,6,1,0,1,1,0,0,1,1,1,1,0,0,1,1,0,0,0,0,0,0,0,0,0,0,1,0,0,0,0,0,1,0,0,0,0,0,1,0,0,0,0,0
2019-09-22,16:30,Arsenal,Aston Villa,3,2,1,0,1,2,21,14,6,9,13,15,9,4,5,1,1,0,1,5,28.57142857142857,64.28571428571429,16,Afternoon,22,9,2019,6,1,0,1,1,0,0,0,0,0,1,0,0,1,1,1,1,1,1,0,0,0,1,0,0,0,0,0,1,0,0,0,0,0,1,0,0,0,0,0,0,0,0
2019-09-22,16:30,Chelsea,Liverpool,1,2,2,0,2,2,13,6,2,3,8,13,6,4,3,3,0,0,2,3,15.384615384615385,50.0,16,Afternoon,22,9,2019,6,1,0,0,1,0,0,0,1,1,1,1,0,1,1,1,0,0,1,0,0,0,0,1,0,0,0,0,0,0,0,0,1,0,0,0,0,0,1,0,0,0,0
2019-09-28,12:30,Sheffield United,Liverpool,0,1,2,0,0,0,12,16,2,4,8,4,6,5,1,1,0,0,0,1,16.666666666666664,25.0,12,Morning,28,9,2019,5,0,1,1,1,0,1,1,1,1,0,0,0,1,0,0,0,0,0,0,1,0,0,0,0,0,1,0,0,0,0,0,1,0,0,0,0,0,1,0,0,0,0
2019-09-28,15:00,Aston Villa,Burnley,2,2,0,1,0,1,16,10,3,3,10,16,7,3,1,4,0,0,1,4,18.75,30.0,15,Morning,28,9,2019,5,0,0,1,1,0,0,0,0,1,1,0,0,1,1,1,1,0,1,0,0,0,0,0,1,0,0,0,0,0,1,0,0,0,0,0,0,0,0,1,0,0,0
2019-09-28,15:00,Bournemouth,West Ham,2,2,0,1,1,0,13,17,5,6,7,8,6,6,3,1,0,0,2,4,38.46153846153847,35.294117647058826,15,Morning,28,9,2019,5,0,0,1,1,0,0,0,0,1,1,0,0,1,1,1,1,0,1,0,0,0,0,0,1,0,0,0,0,0,1,0,0,0,0,0,0,0,0,1,0,0,0
2019-09-28,15:00,Chelsea,Brighton,2,0,1,0,0,0,24,8,10,1,5,13,5,2,2,3,0,0,0,2,41.66666666666667,12.5,15,Morning,28,9,2019,5,0,1,1,1,0,0,1,1,1,0,0,0,1,1,0,0,0,0,0,0,0,0,0,0,1,0,0,0,0,0,1,0,0,0,0,0,1,0,0,0,0,0
2019-09-28,15:00,Crystal Palace,Norwich,2,0,1,1,0,1,15,10,3,3,14,10,5,5,3,1,0,0,1,2,20.0,30.0,15,Morning,28,9,2019,5,0,0,1,1,0,0,1,1,1,1,0,0,1,1,0,0,0,0,0,0,0,0,0,0,1,0,0,0,0,0,1,0,0,0,0,0,1,0,0,0,0,0
2019-09-28,15:00,Tottenham,Southampton,2,1,1,2,1,1,9,14,4,6,5,16,6,6,0,2,1,0,3,3,44.44444444444444,42.857142857142854,15,Morning,28,9,2019,5,0,0,0,1,0,0,0,1,1,1,1,0,1,1,1,0,0,1,0,0,0,1,0,0,0,0,0,0,0,0,1,0,0,0,0,0,1,0,0,0,0,0
2019-09-28,15:00,Wolves,Watford,2,0,1,1,0,1,6,14,2,5,5,6,1,6,0,1,0,0,1,2,33.33333333333333,35.714285714285715,15,Morning,28,9,2019,5,0,0,1,1,0,0,1,1,1,1,0,0,1,1,0,0,0,0,0,0,0,0,0,0,1,0,0,0,0,0,1,0,0,0,0,0,1,0,0,0,0,0
2019-09-28,17:30,Everton,Man City,1,3,2,1,1,0,12,20,8,9,4,8,5,2,2,2,0,0,2,4,66.66666666666666,45.0,17,Afternoon,28,9,2019,5,0,0,1,1,0,0,0,0,1,1,0,0,1,1,1,1,0,1,0,0,0,0,1,0,0,0,0,0,1,0,0,0,0,0,0,0,0,1,0,0,0,0
2019-09-29,16:30,Leicester,Newcastle,5,0,1,1,0,1,13,3,5,0,12,9,9,0,1,1,0,1,1,5,38.46153846153847,0.0,16,Afternoon,29,9,2019,6,1,0,1,1,0,0,0,0,0,1,0,0,1,1,1,1,1,0,0,0,0,1,0,0,0,0,0,1,0,0,0,0,0,1,0,0,0,0,0,0,0,0
2019-09-30,20:00,Man United,Arsenal,1,1,0,1,0,1,16,10,4,5,18,13,8,7,4,2,0,0,1,2,25.0,50.0,20,Night,30,9,2019,0,0,0,1,1,0,0,1,1,1,1,0,0,1,1,0,0,0,1,0,0,0,0,0,0,0,0,1,0,0,0,0,0,1,0,0,0,0,0,1,0,0,0
2019-10-05,12:30,Brighton,Tottenham,3,0,1,2,0,1,17,8,6,3,11,7,4,4,2,1,0,0,2,3,35.294117647058826,37.5,12,Morning,5,10,2019,5,0,0,0,1,0,0,0,1,1,1,1,0,1,1,1,0,0,0,0,0,0,1,0,0,0,0,0,0,0,0,1,0,0,0,0,0,1,0,0,0,0,0
2019-10-05,15:00,Burnley,Everton,1,0,1,0,0,0,9,11,3,2,5,12,7,9,2,1,0,1,0,1,33.33333333333333,18.181818181818183,15,Morning,5,10,2019,5,0,1,1,1,0,1,1,1,1,0,0,0,1,0,0,0,0,0,1,0,0,0,0,0,1,0,0,0,0,0,1,0,0,0,0,0,1,0,0,0,0,0
2019-10-05,15:00,Liverpool,Leicester,2,1,1,1,0,1,18,2,8,1,9,17,4,6,1,4,0,0,1,3,44.44444444444444,50.0,15,Morning,5,10,2019,5,0,0,1,1,0,0,0,1,1,1,0,0,1,1,1,0,0,1,0,0,0,1,0,0,0,0,0,0,0,0,1,0,0,0,0,0,1,0,0,0,0,0
2019-10-05,15:00,Norwich,Aston Villa,1,5,2,0,2,2,21,22,5,12,14,17,10,6,1,3,0,0,2,6,23.809523809523807,54.54545454545454,15,Morning,5,10,2019,5,0,0,0,1,0,0,0,0,0,1,1,0,1,1,1,1,1,1,0,0,0,0,1,0,0,0,0,0,1,0,0,0,0,0,1,0,0,0,0,0,1,0
2019-10-05,15:00,Watford,Sheffield United,0,0,0,0,0,0,8,9,2,3,7,6,7,7,0,2,0,0,0,0,25.0,33.33333333333333,15,Morning,5,10,2019,5,0,1,1,1,1,1,1,1,1,0,0,0,0,0,0,0,0,0,0,0,1,0,0,0,0,0,1,0,0,0,0,0,1,0,0,0,0,0,1,0,0,0
2019-10-05,17:30,West Ham,Crystal Palace,1,2,2,0,0,0,9,7,4,4,11,7,2,2,3,2,0,0,0,3,44.44444444444444,57.14285714285714,17,Afternoon,5,10,2019,5,0,1,1,1,0,0,0,1,1,0,0,0,1,1,1,0,0,1,0,0,0,0,1,0,0,0,0,0,0,0,0,1,0,0,0,0,0,1,0,0,0,0
2019-10-06,14:00,Arsenal,Bournemouth,1,0,1,1,0,1,12,10,2,2,12,6,14,5,1,2,0,0,1,1,16.666666666666664,20.0,14,Morning,6,10,2019,6,1,0,1,1,0,1,1,1,1,1,0,0,1,0,0,0,0,0,1,0,0,0,0,0,1,0,0,0,0,0,1,0,0,0,0,0,1,0,0,0,0,0
2019-10-06,14:00,Man City,Wolves,0,2,2,0,0,0,18,7,2,2,11,14,9,1,5,2,0,0,0,2,11.11111111111111,28.57142857142857,14,Morning,6,10,2019,6,1,1,1,1,0,0,1,1,1,0,0,0,1,1,0,0,0,0,0,0,0,0,0,0,0,1,0,0,0,0,0,1,0,0,0,0,0,1,0,0,0,0
2019-10-06,14:00,Southampton,Chelsea,1,4,2,1,3,2,10,13,3,7,8,15,3,4,0,1,0,0,4,5,30.0,53.84615384615385,14,Morning,6,10,2019,6,1,0,0,0,0,0,0,0,0,1,1,1,1,1,1,1,1,1,0,0,0,0,1,0,0,0,0,0,1,0,0,0,0,0,1,0,0,0,0,0,0,0
2019-10-06,16:30,Newcastle,Man United,1,0,1,0,0,0,12,12,2,3,12,10,4,6,3,3,0,0,0,1,16.666666666666664,25.0,16,Afternoon,6,10,2019,6,1,1,1,1,0,1,1,1,1,0,0,0,1,0,0,0,0,0,1,0,0,0,0,0,1,0,0,0,0,0,1,0,0,0,0,0,1,0,0,0,0,0
2019-10-19,12:30,Everton,West Ham,2,0,1,1,0,1,19,8,10,4,15,15,11,2,2,2,0,0,1,2,52.63157894736842,50.0,12,Morning,19,10,2019,5,0,0,1,1,0,0,1,1,1,1,0,0,1,1,0,0,0,0,0,0,0,0,0,0,1,0,0,0,0,0,1,0,0,0,0,0,1,0,0,0,0,0
2019-10-19,15:00,Aston Villa,Brighton,2,1,1,1,1,0,24,20,8,5,9,17,7,5,1,2,0,1,2,3,33.33333333333333,25.0,15,Morning,19,10,2019,5,0,0,1,1,0,0,0,1,1,1,0,0,1,1,1,0,0,1,0,0,0,1,0,0,0,0,0,0,0,0,1,0,0,0,0,0,1,0,0,0,0,0
2019-10-19,15:00,Bournemouth,Norwich,0,0,0,0,0,0,11,10,2,1,8,11,6,7,1,3,0,0,0,0,18.181818181818183,10.0,15,Morning,19,10,2019,5,0,1,1,1,1,1,1,1,1,0,0,0,0,0,0,0,0,0,0,0,1,0,0,0,0,0,1,0,0,0,0,0,1,0,0,0,0,0,1,0,0,0
2019-10-19,15:00,Chelsea,Newcastle,1,0,1,0,0,0,16,5,8,0,9,12,11,0,2,1,0,0,0,1,50.0,0.0,15,Morning,19,10,2019,5,0,1,1,1,0,1,1,1,1,0,0,0,1,0,0,0,0,0,1,0,0,0,0,0,1,0,0,0,0,0,1,0,0,0,0,0,1,0,0,0,0,0
2019-10-19,15:00,Leicester,Burnley,2,1,1,1,1,0,19,13,3,4,4,10,9,4,0,3,0,0,2,3,15.789473684210526,30.76923076923077,15,Morning,19,10,2019,5,0,0,1,1,0,0,0,1,1,1,0,0,1,1,1,0,0,1,0,0,0,1,0,0,0,0,0,0,0,0,1,0,0,0,0,0,1,0,0,0,0,0
2019-10-19,15:00,Tottenham,Watford,1,1,0,0,1,2,12,7,2,2,5,9,11,2,4,3,0,0,1,2,16.666666666666664,28.57142857142857,15,Morning,19,10,2019,5,0,0,1,1,0,0,1,1,1,1,0,0,1,1,0,0,0,1,0,0,0,0,0,0,0,0,1,0,0,0,0,0,1,0,0,0,0,0,1,0,0,0
2019-10-19,15:00,Wolves,Southampton,1,1,0,0,0,0,4,14,1,5,10,17,1,3,3,2,0,0,0,2,25.0,35.714285714285715,15,Morning,19,10,2019,5,0,1,1,1,0,0,1,1,1,0,0,0,1,1,0,0,0,1,0,0,0,0,0,0,0,0,1,0,0,0,0,0,1,0,0,0,0,0,1,0,0,0
2019-10-19,17:30,Crystal Palace,Man City,0,2,2,0,2,2,7,21,2,10,8,10,1,8,1,1,0,0,2,2,28.57142857142857,47.61904761904761,17,Afternoon,19,10,2019,5,0,0,0,1,0,0,1,1,1,1,1,0,1,1,0,0,0,0,0,0,0,0,0,0,0,1,0,0,0,0,0,1,0,0,0,0,0,1,0,0,0,0
2019-10-20,16:30,Man United,Liverpool,1,1,0,1,0,1,7,10,2,4,6,14,3,1,0,1,0,0,1,2,28.57142857142857,40.0,16,Afternoon,20,10,2019,6,1,0,1,1,0,0,1,1,1,1,0,0,1,1,0,0,0,1,0,0,0,0,0,0,0,0,1,0,0,0,0,0,1,0,0,0,0,0,1,0,0,0
2019-10-21,20:00,Sheffield United,Arsenal,1,0,1,1,0,1,8,9,2,3,10,12,7,12,4,4,0,0,1,1,25.0,33.33333333333333,20,Night,21,10,2019,0,0,0,1,1,0,1,1,1,1,1,0,0,1,0,0,0,0,0,1,0,0,0,0,0,1,0,0,0,0,0,1,0,0,0,0,0,1,0,0,0,0,0
2019-10-25,20:00,Southampton,Leicester,0,9,2,0,5,2,6,25,3,15,3,12,2,7,0,0,1,0,5,9,50.0,60.0,20,Night,25,10,2019,4,0,0,0,0,0,0,0,0,0,1,1,1,1,1,1,1,1,0,0,0,0,0,1,0,0,0,0,0,1,0,0,0,0,0,1,0,0,0,0,0,1,0
2019-10-26,12:30,Man City,Aston Villa,3,0,1,0,0,0,25,11,9,5,10,5,13,7,1,1,1,0,0,3,36.0,45.45454545454545,12,Morning,26,10,2019,5,0,1,1,1,0,0,0,1,1,0,0,0,1,1,1,0,0,0,0,0,0,1,0,0,0,0,0,0,0,0,1,0,0,0,0,0,1,0,0,0,0,0
2019-10-26,15:00,Brighton,Everton,3,2,1,1,1,0,8,10,4,6,12,12,0,5,2,1,0,0,2,5,50.0,60.0,15,Morning,26,10,2019,5,0,0,1,1,0,0,0,0,0,1,0,0,1,1,1,1,1,1,0,0,0,1,0,0,0,0,0,1,0,0,0,0,0,1,0,0,0,0,0,0,0,0
2019-10-26,15:00,Watford,Bournemouth,0,0,0,0,0,0,7,15,3,5,14,8,5,10,5,3,0,0,0,0,42.857142857142854,33.33333333333333,15,Morning,26,10,2019,5,0,1,1,1,1,1,1,1,1,0,0,0,0,0,0,0,0,0,0,0,1,0,0,0,0,0,1,0,0,0,0,0,1,0,0,0,0,0,1,0,0,0
2019-10-26,15:00,West Ham,Sheffield United,1,1,0,1,0,1,12,10,4,4,7,10,10,4,2,2,0,0,1,2,33.33333333333333,40.0,15,Morning,26,10,2019,5,0,0,1,1,0,0,1,1,1,1,0,0,1,1,0,0,0,1,0,0,0,0,0,0,0,0,1,0,0,0,0,0,1,0,0,0,0,0,1,0,0,0
2019-10-26,17:30,Burnley,Chelsea,2,4,2,0,2,2,13,16,5,7,7,8,5,6,3,2,0,0,2,6,38.46153846153847,43.75,17,Afternoon,26,10,2019,5,0,0,0,1,0,0,0,0,0,1,1,0,1,1,1,1,1,1,0,0,0,0,1,0,0,0,0,0,1,0,0,0,0,0,1,0,0,0,0,0,1,0
2019-10-27,14:00,Newcastle,Wolves,1,1,0,1,0,1,13,13,2,5,8,15,3,6,2,2,1,0,1,2,15.384615384615385,38.46153846153847,14,Morning,27,10,2019,6,1,0,1,1,0,0,1,1,1,1,0,0,1,1,0,0,0,1,0,0,0,0,0,0,0,0,1,0,0,0,0,0,1,0,0,0,0,0,1,0,0,0
2019-10-27,16:30,Arsenal,Crystal Palace,2,2,0,2,1,1,15,10,6,4,18,9,12,5,2,0,0,0,3,4,40.0,40.0,16,Afternoon,27,10,2019,6,1,0,0,1,0,0,0,0,1,1,1,0,1,1,1,1,0,1,0,0,0,0,0,1,0,0,0,0,0,1,0,0,0,0,0,0,0,0,1,0,0,0
2019-10-27,16:30,Liverpool,Tottenham,2,1,1,0,1,2,21,11,13,4,9,11,8,3,3,3,0,0,1,3,61.904761904761905,36.36363636363637,16,Afternoon,27,10,2019,6,1,0,1,1,0,0,0,1,1,1,0,0,1,1,1,0,0,1,0,0,0,1,0,0,0,0,0,0,0,0,1,0,0,0,0,0,1,0,0,0,0,0
2019-10-27,16:30,Norwich,Man United,1,3,2,0,2,2,10,21,3,11,13,10,1,10,2,2,0,0,2,4,30.0,52.38095238095239,16,Afternoon,27,10,2019,6,1,0,0,1,0,0,0,0,1,1,1,0,1,1,1,1,0,1,0,0,0,0,1,0,0,0,0,0,1,0,0,0,0,0,0,0,0,1,0,0,0,0
2019-11-02,12:30,Bournemouth,Man United,1,0,1,1,0,1,12,15,6,4,14,12,4,10,4,3,0,0,1,1,50.0,26.666666666666668,12,Morning,2,11,2019,5,0,0,1,1,0,1,1,1,1,1,0,0,1,0,0,0,0,0,1,0,0,0,0,0,1,0,0,0,0,0,1,0,0,0,0,0,1,0,0,0,0,0
2019-11-02,15:00,Arsenal,Wolves,1,1,0,1,0,1,10,25,4,8,6,15,8,9,0,2,0,0,1,2,40.0,32.0,15,Morning,2,11,2019,5,0,0,1,1,0,0,1,1,1,1,0,0,1,1,0,0,0,1,0,0,0,0,0,0,0,0,1,0,0,0,0,0,1,0,0,0,0,0,1,0,0,0
2019-11-02,15:00,Aston Villa,Liverpool,1,2,2,1,0,1,5,25,2,6,12,9,2,10,1,2,0,0,1,3,40.0,24.0,15,Morning,2,11,2019,5,0,0,1,1,0,0,0,1,1,1,0,0,1,1,1,0,0,1,0,0,0,0,1,0,0,0,0,0,0,0,0,1,0,0,0,0,0,1,0,0,0,0
2019-11-02,15:00,Brighton,Norwich,2,0,1,0,0,0,21,7,5,0,11,8,8,3,0,1,0,0,0,2,23.809523809523807,0.0,15,Morning,2,11,2019,5,0,1,1,1,0,0,1,1,1,0,0,0,1,1,0,0,0,0,0,0,0,0,0,0,1,0,0,0,0,0,1,0,0,0,0,0,1,0,0,0,0,0
2019-11-02,15:00,Man City,Southampton,2,1,1,0,1,2,26,3,4,3,11,10,17,0,3,1,0,0,1,3,15.384615384615385,100.0,15,Morning,2,11,2019,5,0,0,1,1,0,0,0,1,1,1,0,0,1,1,1,0,0,1,0,0,0,1,0,0,0,0,0,0,0,0,1,0,0,0,0,0,1,0,0,0,0,0
2019-11-02,15:00,Sheffield United,Burnley,3,0,1,3,0,1,13,6,6,0,8,12,7,6,1,2,0,0,3,3,46.15384615384615,0.0,15,Morning,2,11,2019,5,0,0,0,0,0,0,0,1,1,1,1,1,1,1,1,0,0,0,0,0,0,1,0,0,0,0,0,0,0,0,1,0,0,0,0,0,1,0,0,0,0,0
2019-11-02,15:00,West Ham,Newcastle,2,3,2,0,2,2,16,12,6,9,10,7,7,3,2,1,0,0,2,5,37.5,75.0,15,Morning,2,11,2019,5,0,0,0,1,0,0,0,0,0,1,1,0,1,1,1,1,1,1,0,0,0,0,1,0,0,0,0,0,1,0,0,0,0,0,1,0,0,0,0,0,0,0
2019-11-02,17:30,Watford,Chelsea,1,2,2,0,1,2,12,16,3,10,8,5,1,6,4,2,0,0,1,3,25.0,62.5,17,Afternoon,2,11,2019,5,0,0,1,1,0,0,0,1,1,1,0,0,1,1,1,0,0,1,0,0,0,0,1,0,0,0,0,0,0,0,0,1,0,0,0,0,0,1,0,0,0,0
2019-11-03,14:00,Crystal Palace,Leicester,0,2,2,0,0,0,12,14,3,5,15,16,5,6,2,2,0,0,0,2,25.0,35.714285714285715,14,Morning,3,11,2019,6,1,1,1,1,0,0,1,1,1,0,0,0,1,1,0,0,0,0,0,0,0,0,0,0,0,1,0,0,0,0,0,1,0,0,0,0,0,1,0,0,0,0
2019-11-03,16:30,Everton,Tottenham,1,1,0,0,0,0,7,4,3,2,9,8,5,2,1,2,0,1,0,2,42.857142857142854,50.0,16,Afternoon,3,11,2019,6,1,1,1,1,0,0,1,1,1,0,0,0,1,1,0,0,0,1,0,0,0,0,0,0,0,0,1,0,0,0,0,0,1,0,0,0,0,0,1,0,0,0
2019-11-08,20:00,Norwich,Watford,0,2,2,0,1,2,17,12,5,2,7,13,10,4,1,2,0,1,1,2,29.411764705882355,16.666666666666664,20,Night,8,11,2019,4,0,0,1,1,0,0,1,1,1,1,0,0,1,1,0,0,0,0,0,0,0,0,0,0,0,1,0,0,0,0,0,1,0,0,0,0,0,1,0,0,0,0
2019-11-09,12:30,Chelsea,Crystal Palace,2,0,1,0,0,0,23,3,5,1,9,17,7,0,3,2,0,0,0,2,21.73913043478261,33.33333333333333,12,Morning,9,11,2019,5,0,1,1,1,0,0,1,1,1,0,0,0,1,1,0,0,0,0,0,0,0,0,0,0,1,0,0,0,0,0,1,0,0,0,0,0,1,0,0,0,0,0
2019-11-09,15:00,Burnley,West Ham,3,0,1,2,0,1,14,7,12,4,17,10,11,4,2,1,0,0,2,3,85.71428571428571,57.14285714285714,15,Morning,9,11,2019,5,0,0,0,1,0,0,0,1,1,1,1,0,1,1,1,0,0,0,0,0,0,1,0,0,0,0,0,0,0,0,1,0,0,0,0,0,1,0,0,0,0,0
2019-11-09,15:00,Newcastle,Bournemouth,2,1,1,1,1,0,20,16,9,3,10,5,5,4,2,0,0,0,2,3,45.0,18.75,15,Morning,9,11,2019,5,0,0,1,1,0,0,0,1,1,1,0,0,1,1,1,0,0,1,0,0,0,1,0,0,0,0,0,0,0,0,1,0,0,0,0,0,1,0,0,0,0,0
2019-11-09,15:00,Southampton,Everton,1,2,2,0,1,2,4,24,3,5,12,12,5,9,1,1,0,0,1,3,75.0,20.833333333333336,15,Morning,9,11,2019,5,0,0,1,1,0,0,0,1,1,1,0,0,1,1,1,0,0,1,0,0,0,0,1,0,0,0,0,0,0,0,0,1,0,0,0,0,0,1,0,0,0,0
2019-11-09,15:00,Tottenham,Sheffield United,1,1,0,0,0,0,17,14,5,4,6,9,4,4,2,2,0,0,0,2,29.411764705882355,28.57142857142857,15,Morning,9,11,2019,5,0,1,1,1,0,0,1,1,1,0,0,0,1,1,0,0,0,1,0,0,0,0,0,0,0,0,1,0,0,0,0,0,1,0,0,0,0,0,1,0,0,0
2019-11-09,17:30,Leicester,Arsenal,2,0,1,0,0,0,19,8,7,1,10,10,5,4,1,1,0,0,0,2,36.84210526315789,12.5,17,Afternoon,9,11,2019,5,0,1,1,1,0,0,1,1,1,0,0,0,1,1,0,0,0,0,0,0,0,0,0,0,1,0,0,0,0,0,1,0,0,0,0,0,1,0,0,0,0,0
2019-11-10,14:00,Man United,Brighton,3,1,1,2,0,1,21,6,11,2,10,14,5,2,2,5,0,0,2,4,52.38095238095239,33.33333333333333,14,Morning,10,11,2019,6,1,0,0,1,0,0,0,0,1,1,1,0,1,1,1,1,0,1,0,0,0,1,0,0,0,0,0,1,0,0,0,0,0,0,0,0,1,0,0,0,0,0
2019-11-10,14:00,Wolves,Aston Villa,2,1,1,1,0,1,17,13,5,4,17,8,6,3,4,3,0,0,1,3,29.411764705882355,30.76923076923077,14,Morning,10,11,2019,6,1,0,1,1,0,0,0,1,1,1,0,0,1,1,1,0,0,1,0,0,0,1,0,0,0,0,0,0,0,0,1,0,0,0,0,0,1,0,0,0,0,0
2019-11-10,16:30,Liverpool,Man City,3,1,1,2,0,1,12,18,5,3,10,5,4,13,0,2,0,0,2,4,41.66666666666667,16.666666666666664,16,Afternoon,10,11,2019,6,1,0,0,1,0,0,0,0,1,1,1,0,1,1,1,1,0,1,0,0,0,1,0,0,0,0,0,1,0,0,0,0,0,0,0,0,1,0,0,0,0,0
2019-11-23,12:30,West Ham,Tottenham,2,3,2,0,2,2,11,15,4,6,12,14,3,7,3,2,0,0,2,5,36.36363636363637,40.0,12,Morning,23,11,2019,5,0,0,0,1,0,0,0,0,0,1,1,0,1,1,1,1,1,1,0,0,0,0,1,0,0,0,0,0,1,0,0,0,0,0,1,0,0,0,0,0,0,0
2019-11-23,15:00,Arsenal,Southampton,2,2,0,1,1,0,12,21,5,6,13,19,6,8,6,2,0,0,2,4,41.66666666666667,28.57142857142857,15,Morning,23,11,2019,5,0,0,1,1,0,0,0,0,1,1,0,0,1,1,1,1,0,1,0,0,0,0,0,1,0,0,0,0,0,1,0,0,0,0,0,0,0,0,1,0,0,0
2019-11-23,15:00,Bournemouth,Wolves,1,2,2,0,2,2,9,17,2,7,10,12,5,9,2,1,1,0,2,3,22.22222222222222,41.17647058823529,15,Morning,23,11,2019,5,0,0,0,1,0,0,0,1,1,1,1,0,1,1,1,0,0,1,0,0,0,0,1,0,0,0,0,0,0,0,0,1,0,0,0,0,0,1,0,0,0,0
2019-11-23,15:00,Brighton,Leicester,0,2,2,0,0,0,7,19,0,9,9,1,6,7,2,0,0,0,0,2,0.0,47.368421052631575,15,Morning,23,11,2019,5,0,1,1,1,0,0,1,1,1,0,0,0,1,1,0,0,0,0,0,0,0,0,0,0,0,1,0,0,0,0,0,1,0,0,0,0,0,1,0,0,0,0
2019-11-23,15:00,Crystal Palace,Liverpool,1,2,2,0,0,0,16,12,6,4,8,7,9,8,0,1,0,0,0,3,37.5,33.33333333333333,15,Morning,23,11,2019,5,0,1,1,1,0,0,0,1,1,0,0,0,1,1,1,0,0,1,0,0,0,0,1,0,0,0,0,0,0,0,0,1,0,0,0,0,0,1,0,0,0,0
2019-11-23,15:00,Everton,Norwich,0,2,2,0,0,0,18,13,7,5,12,11,7,7,3,5,0,0,0,2,38.88888888888889,38.46153846153847,15,Morning,23,11,2019,5,0,1,1,1,0,0,1,1,1,0,0,0,1,1,0,0,0,0,0,0,0,0,0,0,0,1,0,0,0,0,0,1,0,0,0,0,0,1,0,0,0,0
2019-11-23,15:00,Watford,Burnley,0,3,2,0,0,0,15,11,4,5,14,13,7,5,0,3,0,0,0,3,26.666666666666668,45.45454545454545,15,Morning,23,11,2019,5,0,1,1,1,0,0,0,1,1,0,0,0,1,1,1,0,0,0,0,0,0,0,1,0,0,0,0,0,0,0,0,1,0,0,0,0,0,1,0,0,0,0
2019-11-23,17:30,Man City,Chelsea,2,1,1,2,1,1,15,11,4,2,5,9,8,2,1,1,0,0,3,3,26.666666666666668,18.181818181818183,17,Afternoon,23,11,2019,5,0,0,0,1,0,0,0,1,1,1,1,0,1,1,1,0,0,1,0,0,0,1,0,0,0,0,0,0,0,0,1,0,0,0,0,0,1,0,0,0,0,0
2019-11-24,16:30,Sheffield United,Man United,3,3,0,1,0,1,12,11,8,5,13,10,6,3,1,2,0,0,1,6,66.66666666666666,45.45454545454545,16,Afternoon,24,11,2019,6,1,0,1,1,0,0,0,0,0,1,0,0,1,1,1,1,1,1,0,0,0,0,0,1,0,0,0,0,0,1,0,0,0,0,0,1,0,0,0,0,0,1
2019-11-25,20:00,Aston Villa,Newcastle,2,0,1,2,0,1,17,11,8,5,10,9,11,6,1,1,0,0,2,2,47.05882352941176,45.45454545454545,20,Night,25,11,2019,0,0,0,0,1,0,0,1,1,1,1,1,0,1,1,0,0,0,0,0,0,0,0,0,0,1,0,0,0,0,0,1,0,0,0,0,0,1,0,0,0,0,0
2019-11-30,12:30,Newcastle,Man City,2,2,0,1,1,0,6,24,3,9,4,6,1,10,1,2,0,0,2,4,50.0,37.5,12,Morning,30,11,2019,5,0,0,1,1,0,0,0,0,1,1,0,0,1,1,1,1,0,1,0,0,0,0,0,1,0,0,0,0,0,1,0,0,0,0,0,0,0,0,1,0,0,0
2019-11-30,15:00,Burnley,Crystal Palace,0,2,2,0,1,2,15,7,4,2,13,10,5,6,2,0,0,0,1,2,26.666666666666668,28.57142857142857,15,Morning,30,11,2019,5,0,0,1,1,0,0,1,1,1,1,0,0,1,1,0,0,0,0,0,0,0,0,0,0,0,1,0,0,0,0,0,1,0,0,0,0,0,1,0,0,0,0
2019-11-30,15:00,Chelsea,West Ham,0,1,2,0,0,0,19,5,6,4,0,16,9,3,0,3,0,0,0,1,31.57894736842105,80.0,15,Morning,30,11,2019,5,0,1,1,1,0,1,1,1,1,0,0,0,1,0,0,0,0,0,0,1,0,0,0,0,0,1,0,0,0,0,0,1,0,0,0,0,0,1,0,0,0,0
2019-11-30,15:00,Liverpool,Brighton,2,1,1,2,0,1,15,12,7,5,3,10,4,5,0,0,1,0,2,3,46.666666666666664,41.66666666666667,15,Morning,30,11,2019,5,0,0,0,1,0,0,0,1,1,1,1,0,1,1,1,0,0,1,0,0,0,1,0,0,0,0,0,0,0,0,1,0,0,0,0,0,1,0,0,0,0,0
2019-11-30,15:00,Tottenham,Bournemouth,3,2,1,1,0,1,15,20,5,6,10,12,4,8,0,2,0,0,1,5,33.33333333333333,30.0,15,Morning,30,11,2019,5,0,0,1,1,0,0,0,0,0,1,0,0,1,1,1,1,1,1,0,0,0,1,0,0,0,0,0,1,0,0,0,0,0,1,0,0,0,0,0,0,0,0
2019-11-30,17:30,Southampton,Watford,2,1,1,0,1,2,11,6,6,3,6,10,6,7,1,0,0,0,1,3,54.54545454545454,50.0,17,Afternoon,30,11,2019,5,0,0,1,1,0,0,0,1,1,1,0,0,1,1,1,0,0,1,0,0,0,1,0,0,0,0,0,0,0,0,1,0,0,0,0,0,1,0,0,0,0,0
2019-12-01,14:00,Norwich,Arsenal,2,2,0,2,1,1,15,16,8,7,8,10,7,12,2,1,0,0,3,4,53.333333333333336,43.75,14,Morning,1,12,2019,6,1,0,0,1,0,0,0,0,1,1,1,0,1,1,1,1,0,1,0,0,0,0,0,1,0,0,0,0,0,1,0,0,0,0,0,0,0,0,1,0,0,0
2019-12-01,14:00,Wolves,Sheffield United,1,1,0,0,1,2,13,9,3,4,12,18,7,2,1,4,0,0,1,2,23.076923076923077,44.44444444444444,14,Morning,1,12,2019,6,1,0,1,1,0,0,1,1,1,1,0,0,1,1,0,0,0,1,0,0,0,0,0,0,0,0,1,0,0,0,0,0,1,0,0,0,0,0,1,0,0,0
2019-12-01,16:30,Leicester,Everton,2,1,1,0,1,2,16,11,6,3,7,9,4,4,0,1,0,0,1,3,37.5,27.27272727272727,16,Afternoon,1,12,2019,6,1,0,1,1,0,0,0,1,1,1,0,0,1,1,1,0,0,1,0,0,0,1,0,0,0,0,0,0,0,0,1,0,0,0,0,0,1,0,0,0,0,0
2019-12-01,16:30,Man United,Aston Villa,2,2,0,1,1,0,16,9,6,3,16,8,9,9,4,1,0,0,2,4,37.5,33.33333333333333,16,Afternoon,1,12,2019,6,1,0,1,1,0,0,0,0,1,1,0,0,1,1,1,1,0,1,0,0,0,0,0,1,0,0,0,0,0,1,0,0,0,0,0,0,0,0,1,0,0,0
2019-12-03,19:30,Crystal Palace,Bournemouth,1,0,1,0,0,0,7,6,2,3,6,15,6,9,3,3,1,0,0,1,28.57142857142857,50.0,19,Night,3,12,2019,1,0,1,1,1,0,1,1,1,1,0,0,0,1,0,0,0,0,0,1,0,0,0,0,0,1,0,0,0,0,0,1,0,0,0,0,0,1,0,0,0,0,0
2019-12-03,20:15,Burnley,Man City,1,4,2,0,1,2,4,17,2,8,9,6,3,6,1,1,0,0,1,5,50.0,47.05882352941176,20,Night,3,12,2019,1,0,0,1,1,0,0,0,0,0,1,0,0,1,1,1,1,1,1,0,0,0,0,1,0,0,0,0,0,1,0,0,0,0,0,1,0,0,0,0,0,0,0
2019-12-04,19:30,Chelsea,Aston Villa,2,1,1,1,1,0,25,9,9,3,18,10,9,5,2,1,0,0,2,3,36.0,33.33333333333333,19,Night,4,12,2019,2,0,0,1,1,0,0,0,1,1,1,0,0,1,1,1,0,0,1,0,0,0,1,0,0,0,0,0,0,0,0,1,0,0,0,0,0,1,0,0,0,0,0
2019-12-04,19:30,Leicester,Watford,2,0,1,0,0,0,12,4,6,1,13,16,7,2,3,2,0,0,0,2,50.0,25.0,19,Night,4,12,2019,2,0,1,1,1,0,0,1,1,1,0,0,0,1,1,0,0,0,0,0,0,0,0,0,0,1,0,0,0,0,0,1,0,0,0,0,0,1,0,0,0,0,0
2019-12-04,19:30,Man United,Tottenham,2,1,1,1,1,0,12,8,7,5,9,9,4,3,0,1,0,0,2,3,58.333333333333336,62.5,19,Night,4,12,2019,2,0,0,1,1,0,0,0,1,1,1,0,0,1,1,1,0,0,1,0,0,0,1,0,0,0,0,0,0,0,0,1,0,0,0,0,0,1,0,0,0,0,0
2019-12-04,19:30,Southampton,Norwich,2,1,1,2,0,1,14,10,5,3,12,7,6,1,1,1,0,0,2,3,35.714285714285715,30.0,19,Night,4,12,2019,2,0,0,0,1,0,0,0,1,1,1,1,0,1,1,1,0,0,1,0,0,0,1,0,0,0,0,0,0,0,0,1,0,0,0,0,0,1,0,0,0,0,0
2019-12-04,19:30,Wolves,West Ham,2,0,1,1,0,1,13,6,7,3,8,9,5,4,1,2,0,0,1,2,53.84615384615385,50.0,19,Night,4,12,2019,2,0,0,1,1,0,0,1,1,1,1,0,0,1,1,0,0,0,0,0,0,0,0,0,0,1,0,0,0,0,0,1,0,0,0,0,0,1,0,0,0,0,0
2019-12-04,20:15,Liverpool,Everton,5,2,1,4,2,1,11,12,5,4,13,17,5,6,1,2,0,0,6,7,45.45454545454545,33.33333333333333,20,Night,4,12,2019,2,0,0,0,0,0,0,0,0,0,1,1,1,1,1,1,1,1,1,0,0,0,1,0,0,0,0,0,1,0,0,0,0,0,1,0,0,0,0,0,1,0,0
2019-12-05,19:30,Sheffield United,Newcastle,0,2,2,0,1,2,13,6,6,4,10,6,8,1,2,0,0,0,1,2,46.15384615384615,66.66666666666666,19,Night,5,12,2019,3,0,0,1,1,0,0,1,1,1,1,0,0,1,1,0,0,0,0,0,0,0,0,0,0,0,1,0,0,0,0,0,1,0,0,0,0,0,1,0,0,0,0
2019-12-05,20:15,Arsenal,Brighton,1,2,2,0,1,2,12,20,5,9,10,11,9,9,3,1,0,0,1,3,41.66666666666667,45.0,20,Night,5,12,2019,3,0,0,1,1,0,0,0,1,1,1,0,0,1,1,1,0,0,1,0,0,0,0,1,0,0,0,0,0,0,0,0,1,0,0,0,0,0,1,0,0,0,0
2019-12-07,12:30,Everton,Chelsea,3,1,1,1,0,1,13,15,7,4,14,9,1,5,3,0,0,0,1,4,53.84615384615385,26.666666666666668,12,Morning,7,12,2019,5,0,0,1,1,0,0,0,0,1,1,0,0,1,1,1,1,0,1,0,0,0,1,0,0,0,0,0,1,0,0,0,0,0,0,0,0,1,0,0,0,0,0
2019-12-07,15:00,Bournemouth,Liverpool,0,3,2,0,2,2,3,21,0,9,5,6,1,3,0,1,0,0,2,3,0.0,42.857142857142854,15,Morning,7,12,2019,5,0,0,0,1,0,0,0,1,1,1,1,0,1,1,1,0,0,0,0,0,0,0,1,0,0,0,0,0,0,0,0,1,0,0,0,0,0,1,0,0,0,0
2019-12-07,15:00,Tottenham,Burnley,5,0,1,3,0,1,13,7,7,1,12,8,1,1,1,1,0,0,3,5,53.84615384615385,14.285714285714285,15,Morning,7,12,2019,5,0,0,0,0,0,0,0,0,0,1,1,1,1,1,1,1,1,0,0,0,0,1,0,0,0,0,0,1,0,0,0,0,0,1,0,0,0,0,0,0,0,0
2019-12-07,15:00,Watford,Crystal Palace,0,0,0,0,0,0,13,3,3,0,15,16,6,2,4,2,0,0,0,0,23.076923076923077,0.0,15,Morning,7,12,2019,5,0,1,1,1,1,1,1,1,1,0,0,0,0,0,0,0,0,0,0,0,1,0,0,0,0,0,1,0,0,0,0,0,1,0,0,0,0,0,1,0,0,0
2019-12-07,17:30,Man City,Man United,1,2,2,0,2,2,22,11,5,7,10,10,16,3,3,2,0,0,2,3,22.727272727272727,63.63636363636363,17,Afternoon,7,12,2019,5,0,0,0,1,0,0,0,1,1,1,1,0,1,1,1,0,0,1,0,0,0,0,1,0,0,0,0,0,0,0,0,1,0,0,0,0,0,1,0,0,0,0
2019-12-08,14:00,Aston Villa,Leicester,1,4,2,1,2,2,15,23,2,8,21,15,8,5,6,2,0,0,3,5,13.333333333333334,34.78260869565217,14,Morning,8,12,2019,6,1,0,0,1,0,0,0,0,0,1,1,0,1,1,1,1,1,1,0,0,0,0,1,0,0,0,0,0,1,0,0,0,0,0,1,0,0,0,0,0,0,0
2019-12-08,14:00,Newcastle,Southampton,2,1,1,0,0,0,12,19,6,4,11,17,3,12,1,3,0,0,0,3,50.0,21.052631578947366,14,Morning,8,12,2019,6,1,1,1,1,0,0,0,1,1,0,0,0,1,1,1,0,0,1,0,0,0,1,0,0,0,0,0,0,0,0,1,0,0,0,0,0,1,0,0,0,0,0
2019-12-08,14:00,Norwich,Sheffield United,1,2,2,1,0,1,14,9,4,3,6,12,9,1,0,4,0,0,1,3,28.57142857142857,33.33333333333333,14,Morning,8,12,2019,6,1,0,1,1,0,0,0,1,1,1,0,0,1,1,1,0,0,1,0,0,0,0,1,0,0,0,0,0,0,0,0,1,0,0,0,0,0,1,0,0,0,0
2019-12-08,16:30,Brighton,Wolves,2,2,0,2,2,0,13,13,4,5,10,7,3,4,3,0,0,0,4,4,30.76923076923077,38.46153846153847,16,Afternoon,8,12,2019,6,1,0,0,1,0,0,0,0,1,1,1,0,1,1,1,1,0,1,0,0,0,0,0,1,0,0,0,0,0,1,0,0,0,0,0,0,0,0,1,0,0,0
2019-12-09,20:00,West Ham,Arsenal,1,3,2,1,0,1,11,10,4,3,12,6,4,3,2,0,0,0,1,4,36.36363636363637,30.0,20,Night,9,12,2019,0,0,0,1,1,0,0,0,0,1,1,0,0,1,1,1,1,0,1,0,0,0,0,1,0,0,0,0,0,1,0,0,0,0,0,0,0,0,1,0,0,0,0
2019-12-14,12:30,Liverpool,Watford,2,0,1,1,0,1,16,8,6,2,8,6,6,3,2,1,0,0,1,2,37.5,25.0,12,Morning,14,12,2019,5,0,0,1,1,0,0,1,1,1,1,0,0,1,1,0,0,0,0,0,0,0,0,0,0,1,0,0,0,0,0,1,0,0,0,0,0,1,0,0,0,0,0
2019-12-14,15:00,Burnley,Newcastle,1,0,1,0,0,0,7,9,4,0,15,12,4,3,0,2,0,0,0,1,57.14285714285714,0.0,15,Morning,14,12,2019,5,0,1,1,1,0,1,1,1,1,0,0,0,1,0,0,0,0,0,1,0,0,0,0,0,1,0,0,0,0,0,1,0,0,0,0,0,1,0,0,0,0,0
2019-12-14,15:00,Chelsea,Bournemouth,0,1,2,0,0,0,18,11,5,2,9,14,9,4,1,2,0,0,0,1,27.77777777777778,18.181818181818183,15,Morning,14,12,2019,5,0,1,1,1,0,1,1,1,1,0,0,0,1,0,0,0,0,0,0,1,0,0,0,0,0,1,0,0,0,0,0,1,0,0,0,0,0,1,0,0,0,0
2019-12-14,15:00,Leicester,Norwich,1,1,0,1,1,0,18,10,5,3,11,15,12,4,0,4,0,0,2,2,27.77777777777778,30.0,15,Morning,14,12,2019,5,0,0,1,1,0,0,1,1,1,1,0,0,1,1,0,0,0,1,0,0,0,0,0,0,0,0,1,0,0,0,0,0,1,0,0,0,0,0,1,0,0,0
2019-12-14,15:00,Sheffield United,Aston Villa,2,0,1,0,0,0,7,8,3,0,10,9,3,2,2,2,0,0,0,2,42.857142857142854,0.0,15,Morning,14,12,2019,5,0,1,1,1,0,0,1,1,1,0,0,0,1,1,0,0,0,0,0,0,0,0,0,0,1,0,0,0,0,0,1,0,0,0,0,0,1,0,0,0,0,0
2019-12-14,17:30,Southampton,West Ham,0,1,2,0,1,2,11,11,2,4,9,14,5,8,1,3,0,0,1,1,18.181818181818183,36.36363636363637,17,Afternoon,14,12,2019,5,0,0,1,1,0,1,1,1,1,1,0,0,1,0,0,0,0,0,0,1,0,0,0,0,0,1,0,0,0,0,0,1,0,0,0,0,0,1,0,0,0,0
2019-12-15,14:00,Man United,Everton,1,1,0,0,1,2,24,8,8,3,10,12,6,5,1,2,0,0,1,2,33.33333333333333,37.5,14,Morning,15,12,2019,6,1,0,1,1,0,0,1,1,1,1,0,0,1,1,0,0,0,1,0,0,0,0,0,0,0,0,1,0,0,0,0,0,1,0,0,0,0,0,1,0,0,0
2019-12-15,14:00,Wolves,Tottenham,1,2,2,0,1,2,18,9,5,5,14,10,11,2,4,4,0,0,1,3,27.77777777777778,55.55555555555556,14,Morning,15,12,2019,6,1,0,1,1,0,0,0,1,1,1,0,0,1,1,1,0,0,1,0,0,0,0,1,0,0,0,0,0,0,0,0,1,0,0,0,0,0,1,0,0,0,0
2019-12-15,16:30,Arsenal,Man City,0,3,2,0,3,2,6,14,1,7,9,24,3,3,1,4,0,0,3,3,16.666666666666664,50.0,16,Afternoon,15,12,2019,6,1,0,0,0,0,0,0,1,1,1,1,1,1,1,1,0,0,0,0,0,0,0,1,0,0,0,0,0,0,0,0,1,0,0,0,0,0,1,0,0,0,0
2019-12-16,19:45,Crystal Palace,Brighton,1,1,0,0,0,0,11,15,4,10,7,12,3,7,1,1,0,0,0,2,36.36363636363637,66.66666666666666,19,Night,16,12,2019,0,0,1,1,1,0,0,1,1,1,0,0,0,1,1,0,0,0,1,0,0,0,0,0,0,0,0,1,0,0,0,0,0,1,0,0,0,0,0,1,0,0,0
2019-12-21,12:30,Everton,Arsenal,0,0,0,0,0,0,9,6,0,2,10,11,5,4,2,3,0,0,0,0,0.0,33.33333333333333,12,Morning,21,12,2019,5,0,1,1,1,1,1,1,1,1,0,0,0,0,0,0,0,0,0,0,0,1,0,0,0,0,0,1,0,0,0,0,0,1,0,0,0,0,0,1,0,0,0
2019-12-21,15:00,Aston Villa,Southampton,1,3,2,0,2,2,19,17,6,8,16,15,7,5,2,1,0,0,2,4,31.57894736842105,47.05882352941176,15,Morning,21,12,2019,5,0,0,0,1,0,0,0,0,1,1,1,0,1,1,1,1,0,1,0,0,0,0,1,0,0,0,0,0,1,0,0,0,0,0,0,0,0,1,0,0,0,0
2019-12-21,15:00,Bournemouth,Burnley,0,1,2,0,0,0,3,2,0,1,13,21,4,5,2,4,0,0,0,1,0.0,50.0,15,Morning,21,12,2019,5,0,1,1,1,0,1,1,1,1,0,0,0,1,0,0,0,0,0,0,1,0,0,0,0,0,1,0,0,0,0,0,1,0,0,0,0,0,1,0,0,0,0
2019-12-21,15:00,Brighton,Sheffield United,0,1,2,0,1,2,9,7,2,2,6,11,4,3,1,3,0,0,1,1,22.22222222222222,28.57142857142857,15,Morning,21,12,2019,5,0,0,1,1,0,1,1,1,1,1,0,0,1,0,0,0,0,0,0,1,0,0,0,0,0,1,0,0,0,0,0,1,0,0,0,0,0,1,0,0,0,0
2019-12-21,15:00,Newcastle,Crystal Palace,1,0,1,0,0,0,8,16,3,4,12,11,4,5,2,0,0,0,0,1,37.5,25.0,15,Morning,21,12,2019,5,0,1,1,1,0,1,1,1,1,0,0,0,1,0,0,0,0,0,1,0,0,0,0,0,1,0,0,0,0,0,1,0,0,0,0,0,1,0,0,0,0,0
2019-12-21,15:00,Norwich,Wolves,1,2,2,1,0,1,13,14,7,4,7,14,3,11,2,4,0,0,1,3,53.84615384615385,28.57142857142857,15,Morning,21,12,2019,5,0,0,1,1,0,0,0,1,1,1,0,0,1,1,1,0,0,1,0,0,0,0,1,0,0,0,0,0,0,0,0,1,0,0,0,0,0,1,0,0,0,0
2019-12-21,17:30,Man City,Leicester,3,1,1,2,1,1,23,5,12,2,14,9,6,1,2,2,0,0,3,4,52.17391304347826,40.0,17,Afternoon,21,12,2019,5,0,0,0,1,0,0,0,0,1,1,1,0,1,1,1,1,0,1,0,0,0,1,0,0,0,0,0,1,0,0,0,0,0,0,0,0,1,0,0,0,0,0
2019-12-22,14:00,Watford,Man United,2,0,1,0,0,0,11,17,3,8,16,11,3,5,3,1,0,0,0,2,27.27272727272727,47.05882352941176,14,Morning,22,12,2019,6,1,1,1,1,0,0,1,1,1,0,0,0,1,1,0,0,0,0,0,0,0,0,0,0,1,0,0,0,0,0,1,0,0,0,0,0,1,0,0,0,0,0
2019-12-22,16:30,Tottenham,Chelsea,0,2,2,0,2,2,5,13,1,3,9,11,3,5,4,3,1,0,2,2,20.0,23.076923076923077,16,Afternoon,22,12,2019,6,1,0,0,1,0,0,1,1,1,1,1,0,1,1,0,0,0,0,0,0,0,0,0,0,0,1,0,0,0,0,0,1,0,0,0,0,0,1,0,0,0,0
2019-12-26,12:30,Tottenham,Brighton,2,1,1,0,1,2,11,11,5,5,10,9,9,2,4,2,0,0,1,3,45.45454545454545,45.45454545454545,12,Morning,26,12,2019,3,0,0,1,1,0,0,0,1,1,1,0,0,1,1,1,0,0,1,0,0,0,1,0,0,0,0,0,0,0,0,1,0,0,0,0,0,1,0,0,0,0,0
2019-12-26,15:00,Aston Villa,Norwich,1,0,1,0,0,0,11,16,2,6,15,12,5,8,2,3,0,0,0,1,18.181818181818183,37.5,15,Morning,26,12,2019,3,0,1,1,1,0,1,1,1,1,0,0,0,1,0,0,0,0,0,1,0,0,0,0,0,1,0,0,0,0,0,1,0,0,0,0,0,1,0,0,0,0,0
2019-12-26,15:00,Bournemouth,Arsenal,1,1,0,1,0,1,12,17,4,2,5,13,8,3,4,4,0,0,1,2,33.33333333333333,11.76470588235294,15,Morning,26,12,2019,3,0,0,1,1,0,0,1,1,1,1,0,0,1,1,0,0,0,1,0,0,0,0,0,0,0,0,1,0,0,0,0,0,1,0,0,0,0,0,1,0,0,0
2019-12-26,15:00,Chelsea,Southampton,0,2,2,0,1,2,10,5,3,3,10,9,8,1,3,2,0,0,1,2,30.0,60.0,15,Morning,26,12,2019,3,0,0,1,1,0,0,1,1,1,1,0,0,1,1,0,0,0,0,0,0,0,0,0,0,0,1,0,0,0,0,0,1,0,0,0,0,0,1,0,0,0,0
2019-12-26,15:00,Crystal Palace,West Ham,2,1,1,0,0,0,13,10,4,2,5,10,7,6,0,2,0,0,0,3,30.76923076923077,20.0,15,Morning,26,12,2019,3,0,1,1,1,0,0,0,1,1,0,0,0,1,1,1,0,0,1,0,0,0,1,0,0,0,0,0,0,0,0,1,0,0,0,0,0,1,0,0,0,0,0
2019-12-26,15:00,Everton,Burnley,1,0,1,0,0,0,21,6,5,0,15,14,10,2,0,0,0,0,0,1,23.809523809523807,0.0,15,Morning,26,12,2019,3,0,1,1,1,0,1,1,1,1,0,0,0,1,0,0,0,0,0,1,0,0,0,0,0,1,0,0,0,0,0,1,0,0,0,0,0,1,0,0,0,0,0
2019-12-26,15:00,Sheffield United,Watford,1,1,0,1,1,0,16,5,4,2,11,8,9,1,1,3,0,0,2,2,25.0,40.0,15,Morning,26,12,2019,3,0,0,1,1,0,0,1,1,1,1,0,0,1,1,0,0,0,1,0,0,0,0,0,0,0,0,1,0,0,0,0,0,1,0,0,0,0,0,1,0,0,0
2019-12-26,17:30,Man United,Newcastle,4,1,1,3,1,1,22,7,10,2,10,7,5,0,2,2,0,0,4,5,45.45454545454545,28.57142857142857,17,Afternoon,26,12,2019,3,0,0,0,0,0,0,0,0,0,1,1,1,1,1,1,1,1,1,0,0,0,1,0,0,0,0,0,1,0,0,0,0,0,1,0,0,0,0,0,0,0,0
2019-12-26,20:00,Leicester,Liverpool,0,4,2,0,1,2,3,15,0,6,5,7,2,8,1,1,0,0,1,4,0.0,40.0,20,Night,26,12,2019,3,0,0,1,1,0,0,0,0,1,1,0,0,1,1,1,1,0,0,0,0,0,0,1,0,0,0,0,0,1,0,0,0,0,0,0,0,0,1,0,0,0,0
2019-12-27,19:45,Wolves,Man City,3,2,1,0,1,2,20,7,8,3,7,13,3,1,0,1,0,1,1,5,40.0,42.857142857142854,19,Night,27,12,2019,4,0,0,1,1,0,0,0,0,0,1,0,0,1,1,1,1,1,1,0,0,0,1,0,0,0,0,0,1,0,0,0,0,0,1,0,0,0,0,0,0,0,0
2019-12-28,12:30,Brighton,Bournemouth,2,0,1,1,0,1,16,10,6,2,8,11,9,2,0,2,0,0,1,2,37.5,20.0,12,Morning,28,12,2019,5,0,0,1,1,0,0,1,1,1,1,0,0,1,1,0,0,0,0,0,0,0,0,0,0,1,0,0,0,0,0,1,0,0,0,0,0,1,0,0,0,0,0
2019-12-28,15:00,Newcastle,Everton,1,2,2,0,1,2,20,22,5,9,13,13,5,8,2,2,0,0,1,3,25.0,40.909090909090914,15,Morning,28,12,2019,5,0,0,1,1,0,0,0,1,1,1,0,0,1,1,1,0,0,1,0,0,0,0,1,0,0,0,0,0,0,0,0,1,0,0,0,0,0,1,0,0,0,0
2019-12-28,15:00,Southampton,Crystal Palace,1,1,0,0,0,0,14,5,5,2,13,7,12,4,1,2,0,0,0,2,35.714285714285715,40.0,15,Morning,28,12,2019,5,0,1,1,1,0,0,1,1,1,0,0,0,1,1,0,0,0,1,0,0,0,0,0,0,0,0,1,0,0,0,0,0,1,0,0,0,0,0,1,0,0,0
2019-12-28,15:00,Watford,Aston Villa,3,0,1,1,0,1,20,11,6,2,16,9,6,3,3,1,1,0,1,3,30.0,18.181818181818183,15,Morning,28,12,2019,5,0,0,1,1,0,0,0,1,1,1,0,0,1,1,1,0,0,0,0,0,0,1,0,0,0,0,0,0,0,0,1,0,0,0,0,0,1,0,0,0,0,0
2019-12-28,17:30,Norwich,Tottenham,2,2,0,1,0,1,5,15,2,7,12,10,4,6,3,3,0,0,1,4,40.0,46.666666666666664,17,Afternoon,28,12,2019,5,0,0,1,1,0,0,0,0,1,1,0,0,1,1,1,1,0,1,0,0,0,0,0,1,0,0,0,0,0,1,0,0,0,0,0,0,0,0,1,0,0,0
2019-12-28,17:30,West Ham,Leicester,1,2,2,1,1,0,14,13,4,8,16,4,5,5,4,1,0,0,2,3,28.57142857142857,61.53846153846154,17,Afternoon,28,12,2019,5,0,0,1,1,0,0,0,1,1,1,0,0,1,1,1,0,0,1,0,0,0,0,1,0,0,0,0,0,0,0,0,1,0,0,0,0,0,1,0,0,0,0
2019-12-28,19:45,Burnley,Man United,0,2,2,0,1,2,8,14,1,5,17,10,5,4,4,3,0,0,1,2,12.5,35.714285714285715,19,Night,28,12,2019,5,0,0,1,1,0,0,1,1,1,1,0,0,1,1,0,0,0,0,0,0,0,0,0,0,0,1,0,0,0,0,0,1,0,0,0,0,0,1,0,0,0,0
2019-12-29,14:00,Arsenal,Chelsea,1,2,2,1,0,1,7,13,2,4,13,19,2,3,5,4,0,0,1,3,28.57142857142857,30.76923076923077,14,Morning,29,12,2019,6,1,0,1,1,0,0,0,1,1,1,0,0,1,1,1,0,0,1,0,0,0,0,1,0,0,0,0,0,0,0,0,1,0,0,0,0,0,1,0,0,0,0
2019-12-29,16:30,Liverpool,Wolves,1,0,1,1,0,1,10,10,3,2,7,3,5,6,1,0,0,0,1,1,30.0,20.0,16,Afternoon,29,12,2019,6,1,0,1,1,0,1,1,1,1,1,0,0,1,0,0,0,0,0,1,0,0,0,0,0,1,0,0,0,0,0,1,0,0,0,0,0,1,0,0,0,0,0
2019-12-29,18:00,Man City,Sheffield United,2,0,1,0,0,0,16,8,4,0,5,6,8,5,1,1,0,0,0,2,25.0,0.0,18,Afternoon,29,12,2019,6,1,1,1,1,0,0,1,1,1,0,0,0,1,1,0,0,0,0,0,0,0,0,0,0,1,0,0,0,0,0,1,0,0,0,0,0,1,0,0,0,0,0
2020-01-01,12:30,Brighton,Chelsea,1,1,0,0,1,2,16,16,5,5,8,15,5,3,2,3,0,0,1,2,31.25,31.25,12,Morning,1,1,2020,2,0,0,1,1,0,0,1,1,1,1,0,0,1,1,0,0,0,1,0,0,0,0,0,0,0,0,1,0,0,0,0,0,1,0,0,0,0,0,1,0,0,0
2020-01-01,12:30,Burnley,Aston Villa,1,2,2,0,2,2,20,11,1,6,12,10,8,4,1,1,0,0,2,3,5.0,54.54545454545454,12,Morning,1,1,2020,2,0,0,0,1,0,0,0,1,1,1,1,0,1,1,1,0,0,1,0,0,0,0,1,0,0,0,0,0,0,0,0,1,0,0,0,0,0,1,0,0,0,0
2020-01-01,15:00,Newcastle,Leicester,0,3,2,0,2,2,5,17,2,10,8,12,4,5,1,1,0,0,2,3,40.0,58.82352941176471,15,Morning,1,1,2020,2,0,0,0,1,0,0,0,1,1,1,1,0,1,1,1,0,0,0,0,0,0,0,1,0,0,0,0,0,0,0,0,1,0,0,0,0,0,1,0,0,0,0
2020-01-01,15:00,Southampton,Tottenham,1,0,1,1,0,1,12,11,3,5,21,8,6,9,3,4,0,0,1,1,25.0,45.45454545454545,15,Morning,1,1,2020,2,0,0,1,1,0,1,1,1,1,1,0,0,1,0,0,0,0,0,1,0,0,0,0,0,1,0,0,0,0,0,1,0,0,0,0,0,1,0,0,0,0,0
2020-01-01,15:00,Watford,Wolves,2,1,1,1,0,1,9,16,3,4,12,6,4,7,3,1,1,0,1,3,33.33333333333333,25.0,15,Morning,1,1,2020,2,0,0,1,1,0,0,0,1,1,1,0,0,1,1,1,0,0,1,0,0,0,1,0,0,0,0,0,0,0,0,1,0,0,0,0,0,1,0,0,0,0,0
2020-01-01,17:30,Man City,Everton,2,1,1,0,0,0,16,7,7,2,11,11,3,6,0,4,0,0,0,3,43.75,28.57142857142857,17,Afternoon,1,1,2020,2,0,1,1,1,0,0,0,1,1,0,0,0,1,1,1,0,0,1,0,0,0,1,0,0,0,0,0,0,0,0,1,0,0,0,0,0,1,0,0,0,0,0
2020-01-01,17:30,Norwich,Crystal Palace,1,1,0,1,0,1,15,12,4,3,12,9,2,5,5,0,0,0,1,2,26.666666666666668,25.0,17,Afternoon,1,1,2020,2,0,0,1,1,0,0,1,1,1,1,0,0,1,1,0,0,0,1,0,0,0,0,0,0,0,0,1,0,0,0,0,0,1,0,0,0,0,0,1,0,0,0
2020-01-01,17:30,West Ham,Bournemouth,4,0,1,3,0,1,14,3,7,2,3,12,9,2,1,2,0,0,3,4,50.0,66.66666666666666,17,Afternoon,1,1,2020,2,0,0,0,0,0,0,0,0,1,1,1,1,1,1,1,1,0,0,0,0,0,1,0,0,0,0,0,1,0,0,0,0,0,0,0,0,1,0,0,0,0,0
2020-01-01,20:00,Arsenal,Man United,2,0,1,2,0,1,10,10,4,4,11,15,1,4,2,0,0,0,2,2,40.0,40.0,20,Night,1,1,2020,2,0,0,0,1,0,0,1,1,1,1,1,0,1,1,0,0,0,0,0,0,0,0,0,0,1,0,0,0,0,0,1,0,0,0,0,0,1,0,0,0,0,0
2020-01-02,20:00,Liverpool,Sheffield United,2,0,1,1,0,1,19,3,7,2,5,8,8,4,0,0,0,0,1,2,36.84210526315789,66.66666666666666,20,Night,2,1,2020,3,0,0,1,1,0,0,1,1,1,1,0,0,1,1,0,0,0,0,0,0,0,0,0,0,1,0,0,0,0,0,1,0,0,0,0,0,1,0,0,0,0,0
2020-01-10,20:00,Sheffield United,West Ham,1,0,1,0,0,0,13,7,3,2,11,6,7,3,1,0,0,0,0,1,23.076923076923077,28.57142857142857,20,Night,10,1,2020,4,0,1,1,1,0,1,1,1,1,0,0,0,1,0,0,0,0,0,1,0,0,0,0,0,1,0,0,0,0,0,1,0,0,0,0,0,1,0,0,0,0,0
2020-01-11,12:30,Crystal Palace,Arsenal,1,1,0,0,1,2,6,7,3,4,14,22,1,4,2,3,0,1,1,2,50.0,57.14285714285714,12,Morning,11,1,2020,5,0,0,1,1,0,0,1,1,1,1,0,0,1,1,0,0,0,1,0,0,0,0,0,0,0,0,1,0,0,0,0,0,1,0,0,0,0,0,1,0,0,0
2020-01-11,15:00,Chelsea,Burnley,3,0,1,2,0,1,18,7,8,2,7,4,10,3,0,3,0,0,2,3,44.44444444444444,28.57142857142857,15,Morning,11,1,2020,5,0,0,0,1,0,0,0,1,1,1,1,0,1,1,1,0,0,0,0,0,0,1,0,0,0,0,0,0,0,0,1,0,0,0,0,0,1,0,0,0,0,0
2020-01-11,15:00,Everton,Brighton,1,0,1,1,0,1,14,9,6,2,7,7,4,3,2,1,0,0,1,1,42.857142857142854,22.22222222222222,15,Morning,11,1,2020,5,0,0,1,1,0,1,1,1,1,1,0,0,1,0,0,0,0,0,1,0,0,0,0,0,1,0,0,0,0,0,1,0,0,0,0,0,1,0,0,0,0,0
2020-01-11,15:00,Leicester,Southampton,1,2,2,1,1,0,5,16,5,10,9,17,2,4,0,3,0,0,2,3,100.0,62.5,15,Morning,11,1,2020,5,0,0,1,1,0,0,0,1,1,1,0,0,1,1,1,0,0,1,0,0,0,0,1,0,0,0,0,0,0,0,0,1,0,0,0,0,0,1,0,0,0,0
2020-01-11,15:00,Man United,Norwich,4,0,1,1,0,1,13,8,6,3,18,7,4,2,0,0,0,0,1,4,46.15384615384615,37.5,15,Morning,11,1,2020,5,0,0,1,1,0,0,0,0,1,1,0,0,1,1,1,1,0,0,0,0,0,1,0,0,0,0,0,1,0,0,0,0,0,0,0,0,1,0,0,0,0,0
2020-01-11,15:00,Wolves,Newcastle,1,1,0,1,1,0,9,5,4,1,13,12,5,2,0,3,0,0,2,2,44.44444444444444,20.0,15,Morning,11,1,2020,5,0,0,1,1,0,0,1,1,1,1,0,0,1,1,0,0,0,1,0,0,0,0,0,0,0,0,1,0,0,0,0,0,1,0,0,0,0,0,1,0,0,0
2020-01-11,17:30,Tottenham,Liverpool,0,1,2,0,1,2,14,13,4,7,4,8,4,3,0,2,0,0,1,1,28.57142857142857,53.84615384615385,17,Afternoon,11,1,2020,5,0,0,1,1,0,1,1,1,1,1,0,0,1,0,0,0,0,0,0,1,0,0,0,0,0,1,0,0,0,0,0,1,0,0,0,0,0,1,0,0,0,0
2020-01-12,14:00,Bournemouth,Watford,0,3,2,0,1,2,10,18,1,6,3,13,5,5,1,1,0,0,1,3,10.0,33.33333333333333,14,Morning,12,1,2020,6,1,0,1,1,0,0,0,1,1,1,0,0,1,1,1,0,0,0,0,0,0,0,1,0,0,0,0,0,0,0,0,1,0,0,0,0,0,1,0,0,0,0
2020-01-12,16:30,Aston Villa,Man City,1,6,2,0,4,2,7,22,1,12,5,12,2,4,2,1,0,0,4,7,14.285714285714285,54.54545454545454,16,Afternoon,12,1,2020,6,1,0,0,0,0,0,0,0,0,1,1,1,1,1,1,1,1,1,0,0,0,0,1,0,0,0,0,0,1,0,0,0,0,0,1,0,0,0,0,0,1,0
2020-01-18,12:30,Watford,Tottenham,0,0,0,0,0,0,15,17,2,5,13,13,3,3,2,3,0,0,0,0,13.333333333333334,29.411764705882355,12,Morning,18,1,2020,5,0,1,1,1,1,1,1,1,1,0,0,0,0,0,0,0,0,0,0,0,1,0,0,0,0,0,1,0,0,0,0,0,1,0,0,0,0,0,1,0,0,0
2020-01-18,15:00,Arsenal,Sheffield United,1,1,0,1,0,1,11,12,4,4,9,13,4,5,1,2,0,0,1,2,36.36363636363637,33.33333333333333,15,Morning,18,1,2020,5,0,0,1,1,0,0,1,1,1,1,0,0,1,1,0,0,0,1,0,0,0,0,0,0,0,0,1,0,0,0,0,0,1,0,0,0,0,0,1,0,0,0
2020-01-18,15:00,Brighton,Aston Villa,1,1,0,1,0,1,10,8,2,3,11,13,3,4,3,3,0,0,1,2,20.0,37.5,15,Morning,18,1,2020,5,0,0,1,1,0,0,1,1,1,1,0,0,1,1,0,0,0,1,0,0,0,0,0,0,0,0,1,0,0,0,0,0,1,0,0,0,0,0,1,0,0,0
2020-01-18,15:00,Man City,Crystal Palace,2,2,0,0,1,2,25,5,6,3,9,7,14,2,1,2,0,0,1,4,24.0,60.0,15,Morning,18,1,2020,5,0,0,1,1,0,0,0,0,1,1,0,0,1,1,1,1,0,1,0,0,0,0,0,1,0,0,0,0,0,1,0,0,0,0,0,0,0,0,1,0,0,0
2020-01-18,15:00,Norwich,Bournemouth,1,0,1,1,0,1,16,6,5,3,10,10,4,5,2,2,1,1,1,1,31.25,50.0,15,Morning,18,1,2020,5,0,0,1,1,0,1,1,1,1,1,0,0,1,0,0,0,0,0,1,0,0,0,0,0,1,0,0,0,0,0,1,0,0,0,0,0,1,0,0,0,0,0
2020-01-18,15:00,Southampton,Wolves,2,3,2,2,0,1,11,8,5,4,13,12,1,3,2,1,0,0,2,5,45.45454545454545,50.0,15,Morning,18,1,2020,5,0,0,0,1,0,0,0,0,0,1,1,0,1,1,1,1,1,1,0,0,0,0,1,0,0,0,0,0,1,0,0,0,0,0,1,0,0,0,0,0,0,0
2020-01-18,15:00,West Ham,Everton,1,1,0,1,1,0,12,11,6,3,11,13,7,6,1,0,0,0,2,2,50.0,27.27272727272727,15,Morning,18,1,2020,5,0,0,1,1,0,0,1,1,1,1,0,0,1,1,0,0,0,1,0,0,0,0,0,0,0,0,1,0,0,0,0,0,1,0,0,0,0,0,1,0,0,0
2020-01-18,17:30,Newcastle,Chelsea,1,0,1,0,0,0,7,19,2,4,9,14,1,10,1,1,0,0,0,1,28.57142857142857,21.052631578947366,17,Afternoon,18,1,2020,5,0,1,1,1,0,1,1,1,1,0,0,0,1,0,0,0,0,0,1,0,0,0,0,0,1,0,0,0,0,0,1,0,0,0,0,0,1,0,0,0,0,0
2020-01-19,14:00,Burnley,Leicester,2,1,1,0,1,2,8,18,5,8,14,8,4,5,1,0,0,0,1,3,62.5,44.44444444444444,14,Morning,19,1,2020,6,1,0,1,1,0,0,0,1,1,1,0,0,1,1,1,0,0,1,0,0,0,1,0,0,0,0,0,0,0,0,1,0,0,0,0,0,1,0,0,0,0,0
2020-01-19,16:30,Liverpool,Man United,2,0,1,1,0,1,16,9,5,4,7,10,11,5,1,3,0,0,1,2,31.25,44.44444444444444,16,Afternoon,19,1,2020,6,1,0,1,1,0,0,1,1,1,1,0,0,1,1,0,0,0,0,0,0,0,0,0,0,1,0,0,0,0,0,1,0,0,0,0,0,1,0,0,0,0,0
2020-01-21,19:30,Aston Villa,Watford,2,1,1,0,1,2,16,8,5,2,11,18,6,3,2,2,0,0,1,3,31.25,25.0,19,Night,21,1,2020,1,0,0,1,1,0,0,0,1,1,1,0,0,1,1,1,0,0,1,0,0,0,1,0,0,0,0,0,0,0,0,1,0,0,0,0,0,1,0,0,0,0,0
2020-01-21,19:30,Bournemouth,Brighton,3,1,1,2,0,1,11,21,3,8,9,12,5,8,1,1,0,0,2,4,27.27272727272727,38.095238095238095,19,Night,21,1,2020,1,0,0,0,1,0,0,0,0,1,1,1,0,1,1,1,1,0,1,0,0,0,1,0,0,0,0,0,1,0,0,0,0,0,0,0,0,1,0,0,0,0,0
2020-01-21,19:30,Crystal Palace,Southampton,0,2,2,0,1,2,6,15,0,6,12,13,0,8,1,2,0,0,1,2,0.0,40.0,19,Night,21,1,2020,1,0,0,1,1,0,0,1,1,1,1,0,0,1,1,0,0,0,0,0,0,0,0,0,0,0,1,0,0,0,0,0,1,0,0,0,0,0,1,0,0,0,0
2020-01-21,19:30,Everton,Newcastle,2,2,0,1,0,1,17,8,8,2,13,10,6,4,1,1,0,0,1,4,47.05882352941176,25.0,19,Night,21,1,2020,1,0,0,1,1,0,0,0,0,1,1,0,0,1,1,1,1,0,1,0,0,0,0,0,1,0,0,0,0,0,1,0,0,0,0,0,0,0,0,1,0,0,0
2020-01-21,19:30,Sheffield United,Man City,0,1,2,0,0,0,4,18,1,5,13,13,5,13,4,3,0,0,0,1,25.0,27.77777777777778,19,Night,21,1,2020,1,0,1,1,1,0,1,1,1,1,0,0,0,1,0,0,0,0,0,0,1,0,0,0,0,0,1,0,0,0,0,0,1,0,0,0,0,0,1,0,0,0,0
2020-01-21,20:15,Chelsea,Arsenal,2,2,0,1,0,1,19,2,8,2,11,6,17,5,2,1,0,1,1,4,42.10526315789473,100.0,20,Night,21,1,2020,1,0,0,1,1,0,0,0,0,1,1,0,0,1,1,1,1,0,1,0,0,0,0,0,1,0,0,0,0,0,1,0,0,0,0,0,0,0,0,1,0,0,0
2020-01-22,19:30,Leicester,West Ham,4,1,1,2,0,1,19,6,8,2,10,19,7,8,1,1,0,0,2,5,42.10526315789473,33.33333333333333,19,Night,22,1,2020,2,0,0,0,1,0,0,0,0,0,1,1,0,1,1,1,1,1,1,0,0,0,1,0,0,0,0,0,1,0,0,0,0,0,1,0,0,0,0,0,0,0,0
2020-01-22,19:30,Tottenham,Norwich,2,1,1,1,0,1,14,12,3,2,12,7,7,3,0,1,0,0,1,3,21.428571428571427,16.666666666666664,19,Night,22,1,2020,2,0,0,1,1,0,0,0,1,1,1,0,0,1,1,1,0,0,1,0,0,0,1,0,0,0,0,0,0,0,0,1,0,0,0,0,0,1,0,0,0,0,0
2020-01-22,20:15,Man United,Burnley,0,2,2,0,1,2,24,5,7,2,11,7,5,2,0,2,0,0,1,2,29.166666666666668,40.0,20,Night,22,1,2020,2,0,0,1,1,0,0,1,1,1,1,0,0,1,1,0,0,0,0,0,0,0,0,0,0,0,1,0,0,0,0,0,1,0,0,0,0,0,1,0,0,0,0
2020-01-23,20:00,Wolves,Liverpool,1,2,2,0,1,2,10,13,3,6,6,11,2,4,0,1,0,0,1,3,30.0,46.15384615384615,20,Night,23,1,2020,3,0,0,1,1,0,0,0,1,1,1,0,0,1,1,1,0,0,1,0,0,0,0,1,0,0,0,0,0,0,0,0,1,0,0,0,0,0,1,0,0,0,0
2020-01-29,19:45,West Ham,Liverpool,0,2,2,0,1,2,7,13,4,5,6,6,3,7,2,0,0,0,1,2,57.14285714285714,38.46153846153847,19,Night,29,1,2020,2,0,0,1,1,0,0,1,1,1,1,0,0,1,1,0,0,0,0,0,0,0,0,0,0,0,1,0,0,0,0,0,1,0,0,0,0,0,1,0,0,0,0
2020-02-01,12:30,Leicester,Chelsea,2,2,0,0,0,0,14,7,4,3,16,14,4,6,2,2,0,0,0,4,28.57142857142857,42.857142857142854,12,Morning,1,2,2020,5,0,1,1,1,0,0,0,0,1,0,0,0,1,1,1,1,0,1,0,0,0,0,0,1,0,0,0,0,0,1,0,0,0,0,0,0,0,0,1,0,0,0
2020-02-01,15:00,Bournemouth,Aston Villa,2,1,1,2,0,1,16,18,6,5,10,15,1,8,1,3,1,0,2,3,37.5,27.77777777777778,15,Morning,1,2,2020,5,0,0,0,1,0,0,0,1,1,1,1,0,1,1,1,0,0,1,0,0,0,1,0,0,0,0,0,0,0,0,1,0,0,0,0,0,1,0,0,0,0,0
2020-02-01,15:00,Crystal Palace,Sheffield United,0,1,2,0,0,0,13,10,3,3,9,15,9,5,3,2,0,0,0,1,23.076923076923077,30.0,15,Morning,1,2,2020,5,0,1,1,1,0,1,1,1,1,0,0,0,1,0,0,0,0,0,0,1,0,0,0,0,0,1,0,0,0,0,0,1,0,0,0,0,0,1,0,0,0,0
2020-02-01,15:00,Liverpool,Southampton,4,0,1,0,0,0,16,17,9,4,9,15,6,11,0,2,0,0,0,4,56.25,23.52941176470588,15,Morning,1,2,2020,5,0,1,1,1,0,0,0,0,1,0,0,0,1,1,1,1,0,0,0,0,0,1,0,0,0,0,0,1,0,0,0,0,0,0,0,0,1,0,0,0,0,0
2020-02-01,15:00,Newcastle,Norwich,0,0,0,0,0,0,15,19,5,4,10,15,8,12,2,1,0,0,0,0,33.33333333333333,21.052631578947366,15,Morning,1,2,2020,5,0,1,1,1,1,1,1,1,1,0,0,0,0,0,0,0,0,0,0,0,1,0,0,0,0,0,1,0,0,0,0,0,1,0,0,0,0,0,1,0,0,0
2020-02-01,15:00,Watford,Everton,2,3,2,2,2,0,11,12,2,5,17,14,4,4,2,2,0,1,4,5,18.181818181818183,41.66666666666667,15,Morning,1,2,2020,5,0,0,0,1,0,0,0,0,0,1,1,0,1,1,1,1,1,1,0,0,0,0,1,0,0,0,0,0,1,0,0,0,0,0,1,0,0,0,0,0,0,0
2020-02-01,15:00,West Ham,Brighton,3,3,0,2,0,1,12,19,6,6,8,9,4,6,1,1,0,0,2,6,50.0,31.57894736842105,15,Morning,1,2,2020,5,0,0,0,1,0,0,0,0,0,1,1,0,1,1,1,1,1,1,0,0,0,0,0,1,0,0,0,0,0,1,0,0,0,0,0,1,0,0,0,0,0,1
2020-02-01,17:30,Man United,Wolves,0,0,0,0,0,0,15,14,5,3,14,15,4,6,3,2,0,0,0,0,33.33333333333333,21.428571428571427,17,Afternoon,1,2,2020,5,0,1,1,1,1,1,1,1,1,0,0,0,0,0,0,0,0,0,0,0,1,0,0,0,0,0,1,0,0,0,0,0,1,0,0,0,0,0,1,0,0,0
2020-02-02,14:00,Burnley,Arsenal,0,0,0,0,0,0,15,13,2,2,8,11,5,7,1,3,0,0,0,0,13.333333333333334,15.384615384615385,14,Morning,2,2,2020,6,1,1,1,1,1,1,1,1,1,0,0,0,0,0,0,0,0,0,0,0,1,0,0,0,0,0,1,0,0,0,0,0,1,0,0,0,0,0,1,0,0,0
2020-02-02,16:30,Tottenham,Man City,2,0,1,0,0,0,3,18,3,5,8,14,2,6,2,3,0,1,0,2,100.0,27.77777777777778,16,Afternoon,2,2,2020,6,1,1,1,1,0,0,1,1,1,0,0,0,1,1,0,0,0,0,0,0,0,0,0,0,1,0,0,0,0,0,1,0,0,0,0,0,1,0,0,0,0,0
2020-02-08,12:30,Everton,Crystal Palace,3,1,1,1,0,1,14,10,8,2,11,12,4,6,0,1,0,0,1,4,57.14285714285714,20.0,12,Morning,8,2,2020,5,0,0,1,1,0,0,0,0,1,1,0,0,1,1,1,1,0,1,0,0,0,1,0,0,0,0,0,1,0,0,0,0,0,0,0,0,1,0,0,0,0,0
2020-02-08,17:30,Brighton,Watford,1,1,0,0,1,2,10,5,2,2,9,12,3,2,2,2,0,0,1,2,20.0,40.0,17,Afternoon,8,2,2020,5,0,0,1,1,0,0,1,1,1,1,0,0,1,1,0,0,0,1,0,0,0,0,0,0,0,0,1,0,0,0,0,0,1,0,0,0,0,0,1,0,0,0
2020-02-09,14:00,Sheffield United,Bournemouth,2,1,1,1,1,0,16,10,6,2,10,8,8,4,2,2,0,0,2,3,37.5,20.0,14,Morning,9,2,2020,6,1,0,1,1,0,0,0,1,1,1,0,0,1,1,1,0,0,1,0,0,0,1,0,0,0,0,0,0,0,0,1,0,0,0,0,0,1,0,0,0,0,0
2020-02-14,20:00,Wolves,Leicester,0,0,0,0,0,0,15,9,3,3,13,10,7,0,2,2,0,1,0,0,20.0,33.33333333333333,20,Night,14,2,2020,4,0,1,1,1,1,1,1,1,1,0,0,0,0,0,0,0,0,0,0,0,1,0,0,0,0,0,1,0,0,0,0,0,1,0,0,0,0,0,1,0,0,0
2020-02-15,12:30,Southampton,Burnley,1,2,2,1,1,0,10,9,2,6,8,11,4,3,2,2,0,0,2,3,20.0,66.66666666666666,12,Morning,15,2,2020,5,0,0,1,1,0,0,0,1,1,1,0,0,1,1,1,0,0,1,0,0,0,0,1,0,0,0,0,0,0,0,0,1,0,0,0,0,0,1,0,0,0,0
2020-02-15,17:30,Norwich,Liverpool,0,1,2,0,0,0,5,17,1,6,5,11,2,7,1,2,0,0,0,1,20.0,35.294117647058826,17,Afternoon,15,2,2020,5,0,1,1,1,0,1,1,1,1,0,0,0,1,0,0,0,0,0,0,1,0,0,0,0,0,1,0,0,0,0,0,1,0,0,0,0,0,1,0,0,0,0
2020-02-16,14:00,Aston Villa,Tottenham,2,3,2,1,2,2,18,23,4,10,12,10,12,7,2,0,0,0,3,5,22.22222222222222,43.47826086956522,14,Morning,16,2,2020,6,1,0,0,1,0,0,0,0,0,1,1,0,1,1,1,1,1,1,0,0,0,0,1,0,0,0,0,0,1,0,0,0,0,0,1,0,0,0,0,0,0,0
2020-02-16,16:30,Arsenal,Newcastle,4,0,1,0,0,0,15,10,7,2,15,9,5,6,2,0,0,0,0,4,46.666666666666664,20.0,16,Afternoon,16,2,2020,6,1,1,1,1,0,0,0,0,1,0,0,0,1,1,1,1,0,0,0,0,0,1,0,0,0,0,0,1,0,0,0,0,0,0,0,0,1,0,0,0,0,0
2020-02-17,20:00,Chelsea,Man United,0,2,2,0,1,2,17,9,1,3,11,11,9,8,4,3,0,0,1,2,5.88235294117647,33.33333333333333,20,Night,17,2,2020,0,0,0,1,1,0,0,1,1,1,1,0,0,1,1,0,0,0,0,0,0,0,0,0,0,0,1,0,0,0,0,0,1,0,0,0,0,0,1,0,0,0,0
2020-02-19,19:30,Man City,West Ham,2,0,1,1,0,1,20,3,7,0,5,7,6,1,0,1,0,0,1,2,35.0,0.0,19,Night,19,2,2020,2,0,0,1,1,0,0,1,1,1,1,0,0,1,1,0,0,0,0,0,0,0,0,0,0,1,0,0,0,0,0,1,0,0,0,0,0,1,0,0,0,0,0
2020-02-22,12:30,Chelsea,Tottenham,2,1,1,1,0,1,17,5,7,3,14,14,3,5,1,2,0,0,1,3,41.17647058823529,60.0,12,Morning,22,2,2020,5,0,0,1,1,0,0,0,1,1,1,0,0,1,1,1,0,0,1,0,0,0,1,0,0,0,0,0,0,0,0,1,0,0,0,0,0,1,0,0,0,0,0
2020-02-22,15:00,Burnley,Bournemouth,3,0,1,0,0,0,16,12,10,4,9,9,7,3,4,3,0,0,0,3,62.5,33.33333333333333,15,Morning,22,2,2020,5,0,1,1,1,0,0,0,1,1,0,0,0,1,1,1,0,0,0,0,0,0,1,0,0,0,0,0,0,0,0,1,0,0,0,0,0,1,0,0,0,0,0
2020-02-22,15:00,Crystal Palace,Newcastle,1,0,1,1,0,1,18,8,9,2,15,11,7,5,2,6,0,1,1,1,50.0,25.0,15,Morning,22,2,2020,5,0,0,1,1,0,1,1,1,1,1,0,0,1,0,0,0,0,0,1,0,0,0,0,0,1,0,0,0,0,0,1,0,0,0,0,0,1,0,0,0,0,0
2020-02-22,15:00,Sheffield United,Brighton,1,1,0,1,1,0,14,8,3,2,3,6,12,2,0,2,0,0,2,2,21.428571428571427,25.0,15,Morning,22,2,2020,5,0,0,1,1,0,0,1,1,1,1,0,0,1,1,0,0,0,1,0,0,0,0,0,0,0,0,1,0,0,0,0,0,1,0,0,0,0,0,1,0,0,0
2020-02-22,15:00,Southampton,Aston Villa,2,0,1,1,0,1,28,4,9,1,13,17,9,6,1,4,0,0,1,2,32.142857142857146,25.0,15,Morning,22,2,2020,5,0,0,1,1,0,0,1,1,1,1,0,0,1,1,0,0,0,0,0,0,0,0,0,0,1,0,0,0,0,0,1,0,0,0,0,0,1,0,0,0,0,0
2020-02-22,17:30,Leicester,Man City,0,1,2,0,0,0,10,18,3,7,14,10,3,7,0,0,0,0,0,1,30.0,38.88888888888889,17,Afternoon,22,2,2020,5,0,1,1,1,0,1,1,1,1,0,0,0,1,0,0,0,0,0,0,1,0,0,0,0,0,1,0,0,0,0,0,1,0,0,0,0,0,1,0,0,0,0
2020-02-23,14:00,Man United,Watford,3,0,1,1,0,1,21,7,9,2,6,15,3,5,0,1,0,0,1,3,42.857142857142854,28.57142857142857,14,Morning,23,2,2020,6,1,0,1,1,0,0,0,1,1,1,0,0,1,1,1,0,0,0,0,0,0,1,0,0,0,0,0,0,0,0,1,0,0,0,0,0,1,0,0,0,0,0
2020-02-23,14:00,Wolves,Norwich,3,0,1,2,0,1,19,6,6,4,11,6,4,1,2,3,0,0,2,3,31.57894736842105,66.66666666666666,14,Morning,23,2,2020,6,1,0,0,1,0,0,0,1,1,1,1,0,1,1,1,0,0,0,0,0,0,1,0,0,0,0,0,0,0,0,1,0,0,0,0,0,1,0,0,0,0,0
2020-02-23,16:30,Arsenal,Everton,3,2,1,2,2,0,9,17,4,5,12,12,6,3,0,4,0,0,4,5,44.44444444444444,29.411764705882355,16,Afternoon,23,2,2020,6,1,0,0,1,0,0,0,0,0,1,1,0,1,1,1,1,1,1,0,0,0,1,0,0,0,0,0,1,0,0,0,0,0,1,0,0,0,0,0,0,0,0
2020-02-24,20:00,Liverpool,West Ham,3,2,1,1,1,0,25,7,7,4,4,10,16,8,0,3,0,0,2,5,28.000000000000004,57.14285714285714,20,Night,24,2,2020,0,0,0,1,1,0,0,0,0,0,1,0,0,1,1,1,1,1,1,0,0,0,1,0,0,0,0,0,1,0,0,0,0,0,1,0,0,0,0,0,0,0,0
2020-02-28,20:00,Norwich,Leicester,1,0,1,0,0,0,11,19,6,4,13,16,6,7,1,2,0,0,0,1,54.54545454545454,21.052631578947366,20,Night,28,2,2020,4,0,1,1,1,0,1,1,1,1,0,0,0,1,0,0,0,0,0,1,0,0,0,0,0,1,0,0,0,0,0,1,0,0,0,0,0,1,0,0,0,0,0
2020-02-29,12:30,Brighton,Crystal Palace,0,1,2,0,0,0,24,12,8,3,8,9,8,7,1,1,0,0,0,1,33.33333333333333,25.0,12,Morning,29,2,2020,5,0,1,1,1,0,1,1,1,1,0,0,0,1,0,0,0,0,0,0,1,0,0,0,0,0,1,0,0,0,0,0,1,0,0,0,0,0,1,0,0,0,0
2020-02-29,15:00,Bournemouth,Chelsea,2,2,0,0,1,2,9,23,5,6,8,5,4,14,2,2,0,0,1,4,55.55555555555556,26.08695652173913,15,Morning,29,2,2020,5,0,0,1,1,0,0,0,0,1,1,0,0,1,1,1,1,0,1,0,0,0,0,0,1,0,0,0,0,0,1,0,0,0,0,0,0,0,0,1,0,0,0
2020-02-29,15:00,Newcastle,Burnley,0,0,0,0,0,0,21,8,4,1,11,9,11,7,4,3,0,0,0,0,19.047619047619047,12.5,15,Morning,29,2,2020,5,0,1,1,1,1,1,1,1,1,0,0,0,0,0,0,0,0,0,0,0,1,0,0,0,0,0,1,0,0,0,0,0,1,0,0,0,0,0,1,0,0,0
2020-02-29,15:00,West Ham,Southampton,3,1,1,2,1,1,14,10,7,2,8,11,4,9,1,1,0,0,3,4,50.0,20.0,15,Morning,29,2,2020,5,0,0,0,1,0,0,0,0,1,1,1,0,1,1,1,1,0,1,0,0,0,1,0,0,0,0,0,1,0,0,0,0,0,0,0,0,1,0,0,0,0,0
2020-02-29,17:30,Watford,Liverpool,3,0,1,0,0,0,14,7,5,1,4,8,3,5,0,0,0,0,0,3,35.714285714285715,14.285714285714285,17,Afternoon,29,2,2020,5,0,1,1,1,0,0,0,1,1,0,0,0,1,1,1,0,0,0,0,0,0,1,0,0,0,0,0,0,0,0,1,0,0,0,0,0,1,0,0,0,0,0
2020-03-01,14:00,Everton,Man United,1,1,0,1,1,0,16,14,5,5,11,11,13,8,3,4,0,0,2,2,31.25,35.714285714285715,14,Morning,1,3,2020,6,1,0,1,1,0,0,1,1,1,1,0,0,1,1,0,0,0,1,0,0,0,0,0,0,0,0,1,0,0,0,0,0,1,0,0,0,0,0,1,0,0,0
2020-03-01,14:00,Tottenham,Wolves,2,3,2,2,1,1,13,14,5,4,12,14,4,5,3,2,0,0,3,5,38.46153846153847,28.57142857142857,14,Morning,1,3,2020,6,1,0,0,1,0,0,0,0,0,1,1,0,1,1,1,1,1,1,0,0,0,0,1,0,0,0,0,0,1,0,0,0,0,0,1,0,0,0,0,0,0,0
2020-03-07,12:30,Liverpool,Bournemouth,2,1,1,2,1,1,14,6,6,4,10,12,9,4,0,1,0,0,3,3,42.857142857142854,66.66666666666666,12,Morning,7,3,2020,5,0,0,0,1,0,0,0,1,1,1,1,0,1,1,1,0,0,1,0,0,0,1,0,0,0,0,0,0,0,0,1,0,0,0,0,0,1,0,0,0,0,0
2020-03-07,15:00,Arsenal,West Ham,1,0,1,0,0,0,9,14,2,6,11,9,6,7,1,2,0,0,0,1,22.22222222222222,42.857142857142854,15,Morning,7,3,2020,5,0,1,1,1,0,1,1,1,1,0,0,0,1,0,0,0,0,0,1,0,0,0,0,0,1,0,0,0,0,0,1,0,0,0,0,0,1,0,0,0,0,0
2020-03-07,15:00,Crystal Palace,Watford,1,0,1,1,0,1,10,10,3,4,12,19,8,8,4,4,0,0,1,1,30.0,40.0,15,Morning,7,3,2020,5,0,0,1,1,0,1,1,1,1,1,0,0,1,0,0,0,0,0,1,0,0,0,0,0,1,0,0,0,0,0,1,0,0,0,0,0,1,0,0,0,0,0
2020-03-07,15:00,Sheffield United,Norwich,1,0,1,1,0,1,10,12,4,5,12,8,10,5,0,0,0,0,1,1,40.0,41.66666666666667,15,Morning,7,3,2020,5,0,0,1,1,0,1,1,1,1,1,0,0,1,0,0,0,0,0,1,0,0,0,0,0,1,0,0,0,0,0,1,0,0,0,0,0,1,0,0,0,0,0
2020-03-07,15:00,Southampton,Newcastle,0,1,2,0,0,0,6,14,3,7,14,15,5,8,0,3,1,0,0,1,50.0,50.0,15,Morning,7,3,2020,5,0,1,1,1,0,1,1,1,1,0,0,0,1,0,0,0,0,0,0,1,0,0,0,0,0,1,0,0,0,0,0,1,0,0,0,0,0,1,0,0,0,0
2020-03-07,15:00,Wolves,Brighton,0,0,0,0,0,0,11,7,1,1,4,7,2,0,1,3,0,0,0,0,9.090909090909092,14.285714285714285,15,Morning,7,3,2020,5,0,1,1,1,1,1,1,1,1,0,0,0,0,0,0,0,0,0,0,0,1,0,0,0,0,0,1,0,0,0,0,0,1,0,0,0,0,0,1,0,0,0
2020-03-07,17:30,Burnley,Tottenham,1,1,0,1,0,1,21,13,8,2,16,11,3,5,5,4,0,0,1,2,38.095238095238095,15.384615384615385,17,Afternoon,7,3,2020,5,0,0,1,1,0,0,1,1,1,1,0,0,1,1,0,0,0,1,0,0,0,0,0,0,0,0,1,0,0,0,0,0,1,0,0,0,0,0,1,0,0,0
2020-03-08,14:00,Chelsea,Everton,4,0,1,2,0,1,17,3,11,1,8,10,6,1,1,2,0,0,2,4,64.70588235294117,33.33333333333333,14,Morning,8,3,2020,6,1,0,0,1,0,0,0,0,1,1,1,0,1,1,1,1,0,0,0,0,0,1,0,0,0,0,0,1,0,0,0,0,0,0,0,0,1,0,0,0,0,0
2020-03-08,16:30,Man United,Man City,2,0,1,1,0,1,12,7,6,2,11,9,2,11,2,4,0,0,1,2,50.0,28.57142857142857,16,Afternoon,8,3,2020,6,1,0,1,1,0,0,1,1,1,1,0,0,1,1,0,0,0,0,0,0,0,0,0,0,1,0,0,0,0,0,1,0,0,0,0,0,1,0,0,0,0,0
2020-03-09,20:00,Leicester,Aston Villa,4,0,1,1,0,1,15,4,7,1,15,12,9,0,2,1,0,0,1,4,46.666666666666664,25.0,20,Night,9,3,2020,0,0,0,1,1,0,0,0,0,1,1,0,0,1,1,1,1,0,0,0,0,0,1,0,0,0,0,0,1,0,0,0,0,0,0,0,0,1,0,0,0,0,0
2020-06-17,18:00,Aston Villa,Sheffield United,0,0,0,0,0,0,14,5,6,1,11,14,12,4,1,1,0,0,0,0,42.857142857142854,20.0,18,Afternoon,17,6,2020,2,0,1,1,1,1,1,1,1,1,0,0,0,0,0,0,0,0,0,0,0,1,0,0,0,0,0,1,0,0,0,0,0,1,0,0,0,0,0,1,0,0,0
2020-06-17,20:15,Man City,Arsenal,3,0,1,1,0,1,20,3,12,0,9,7,5,2,1,1,0,1,1,3,60.0,0.0,20,Night,17,6,2020,2,0,0,1,1,0,0,0,1,1,1,0,0,1,1,1,0,0,0,0,0,0,1,0,0,0,0,0,0,0,0,1,0,0,0,0,0,1,0,0,0,0,0
2020-06-19,18:00,Norwich,Southampton,0,3,2,0,0,0,9,22,1,9,9,15,9,7,1,1,0,0,0,3,11.11111111111111,40.909090909090914,18,Afternoon,19,6,2020,4,0,1,1,1,0,0,0,1,1,0,0,0,1,1,1,0,0,0,0,0,0,0,1,0,0,0,0,0,0,0,0,1,0,0,0,0,0,1,0,0,0,0
2020-06-19,20:15,Tottenham,Man United,1,1,0,1,0,1,10,12,3,6,17,18,7,6,0,1,0,0,1,2,30.0,50.0,20,Night,19,6,2020,4,0,0,1,1,0,0,1,1,1,1,0,0,1,1,0,0,0,1,0,0,0,0,0,0,0,0,1,0,0,0,0,0,1,0,0,0,0,0,1,0,0,0
2020-06-20,12:30,Watford,Leicester,1,1,0,0,0,0,8,15,4,2,15,12,2,7,0,1,0,0,0,2,50.0,13.333333333333334,12,Morning,20,6,2020,5,0,1,1,1,0,0,1,1,1,0,0,0,1,1,0,0,0,1,0,0,0,0,0,0,0,0,1,0,0,0,0,0,1,0,0,0,0,0,1,0,0,0
2020-06-20,15:00,Brighton,Arsenal,2,1,1,0,0,0,9,13,5,6,13,8,10,7,2,1,0,0,0,3,55.55555555555556,46.15384615384615,15,Morning,20,6,2020,5,0,1,1,1,0,0,0,1,1,0,0,0,1,1,1,0,0,1,0,0,0,1,0,0,0,0,0,0,0,0,1,0,0,0,0,0,1,0,0,0,0,0
2020-06-20,17:30,West Ham,Wolves,0,2,2,0,0,0,7,10,2,6,8,7,5,7,1,1,0,0,0,2,28.57142857142857,60.0,17,Afternoon,20,6,2020,5,0,1,1,1,0,0,1,1,1,0,0,0,1,1,0,0,0,0,0,0,0,0,0,0,0,1,0,0,0,0,0,1,0,0,0,0,0,1,0,0,0,0
2020-06-20,19:45,Bournemouth,Crystal Palace,0,2,2,0,2,2,12,7,1,2,13,15,11,4,3,2,0,0,2,2,8.333333333333332,28.57142857142857,19,Night,20,6,2020,5,0,0,0,1,0,0,1,1,1,1,1,0,1,1,0,0,0,0,0,0,0,0,0,0,0,1,0,0,0,0,0,1,0,0,0,0,0,1,0,0,0,0
2020-06-21,14:00,Newcastle,Sheffield United,3,0,1,0,0,0,12,7,8,1,9,10,2,4,2,0,0,1,0,3,66.66666666666666,14.285714285714285,14,Morning,21,6,2020,6,1,1,1,1,0,0,0,1,1,0,0,0,1,1,1,0,0,0,0,0,0,1,0,0,0,0,0,0,0,0,1,0,0,0,0,0,1,0,0,0,0,0
2020-06-21,16:15,Aston Villa,Chelsea,1,2,2,1,0,1,8,19,4,5,9,17,2,10,2,1,0,0,1,3,50.0,26.31578947368421,16,Afternoon,21,6,2020,6,1,0,1,1,0,0,0,1,1,1,0,0,1,1,1,0,0,1,0,0,0,0,1,0,0,0,0,0,0,0,0,1,0,0,0,0,0,1,0,0,0,0
2020-06-21,19:00,Everton,Liverpool,0,0,0,0,0,0,9,10,3,3,15,12,1,6,2,2,0,0,0,0,33.33333333333333,30.0,19,Night,21,6,2020,6,1,1,1,1,1,1,1,1,1,0,0,0,0,0,0,0,0,0,0,0,1,0,0,0,0,0,1,0,0,0,0,0,1,0,0,0,0,0,1,0,0,0
2020-06-22,20:00,Man City,Burnley,5,0,1,3,0,1,19,1,7,0,8,7,3,1,1,1,0,0,3,5,36.84210526315789,0.0,20,Night,22,6,2020,0,0,0,0,0,0,0,0,0,0,1,1,1,1,1,1,1,1,0,0,0,0,1,0,0,0,0,0,1,0,0,0,0,0,1,0,0,0,0,0,0,0,0
2020-06-23,18:00,Leicester,Brighton,0,0,0,0,0,0,11,10,2,2,10,13,6,7,2,2,0,0,0,0,18.181818181818183,20.0,18,Afternoon,23,6,2020,1,0,1,1,1,1,1,1,1,1,0,0,0,0,0,0,0,0,0,0,0,1,0,0,0,0,0,1,0,0,0,0,0,1,0,0,0,0,0,1,0,0,0
2020-06-23,20:15,Tottenham,West Ham,2,0,1,0,0,0,15,10,4,2,12,7,9,4,2,2,0,0,0,2,26.666666666666668,20.0,20,Night,23,6,2020,1,0,1,1,1,0,0,1,1,1,0,0,0,1,1,0,0,0,0,0,0,0,0,0,0,1,0,0,0,0,0,1,0,0,0,0,0,1,0,0,0,0,0
2020-06-24,18:00,Man United,Sheffield United,3,0,1,2,0,1,15,4,6,1,10,6,10,5,1,0,0,0,2,3,40.0,25.0,18,Afternoon,24,6,2020,2,0,0,0,1,0,0,0,1,1,1,1,0,1,1,1,0,0,0,0,0,0,1,0,0,0,0,0,0,0,0,1,0,0,0,0,0,1,0,0,0,0,0
2020-06-24,18:00,Newcastle,Aston Villa,1,1,0,0,0,0,13,14,3,2,15,13,6,9,2,2,0,0,0,2,23.076923076923077,14.285714285714285,18,Afternoon,24,6,2020,2,0,1,1,1,0,0,1,1,1,0,0,0,1,1,0,0,0,1,0,0,0,0,0,0,0,0,1,0,0,0,0,0,1,0,0,0,0,0,1,0,0,0
2020-06-24,18:00,Norwich,Everton,0,1,2,0,0,0,9,12,1,5,8,13,6,5,0,1,0,0,0,1,11.11111111111111,41.66666666666667,18,Afternoon,24,6,2020,2,0,1,1,1,0,1,1,1,1,0,0,0,1,0,0,0,0,0,0,1,0,0,0,0,0,1,0,0,0,0,0,1,0,0,0,0,0,1,0,0,0,0
2020-06-24,18:00,Wolves,Bournemouth,1,0,1,0,0,0,10,4,2,0,11,11,6,4,3,3,0,0,0,1,20.0,0.0,18,Afternoon,24,6,2020,2,0,1,1,1,0,1,1,1,1,0,0,0,1,0,0,0,0,0,1,0,0,0,0,0,1,0,0,0,0,0,1,0,0,0,0,0,1,0,0,0,0,0
2020-06-24,20:15,Liverpool,Crystal Palace,4,0,1,2,0,1,21,3,7,0,7,5,6,0,0,0,0,0,2,4,33.33333333333333,0.0,20,Night,24,6,2020,2,0,0,0,1,0,0,0,0,1,1,1,0,1,1,1,1,0,0,0,0,0,1,0,0,0,0,0,1,0,0,0,0,0,0,0,0,1,0,0,0,0,0
2020-06-25,18:00,Burnley,Watford,1,0,1,0,0,0,9,10,5,4,13,15,1,7,1,0,0,0,0,1,55.55555555555556,40.0,18,Afternoon,25,6,2020,3,0,1,1,1,0,1,1,1,1,0,0,0,1,0,0,0,0,0,1,0,0,0,0,0,1,0,0,0,0,0,1,0,0,0,0,0,1,0,0,0,0,0
2020-06-25,18:00,Southampton,Arsenal,0,2,2,0,1,2,12,10,3,5,10,14,4,6,0,2,1,0,1,2,25.0,50.0,18,Afternoon,25,6,2020,3,0,0,1,1,0,0,1,1,1,1,0,0,1,1,0,0,0,0,0,0,0,0,0,0,0,1,0,0,0,0,0,1,0,0,0,0,0,1,0,0,0,0
2020-06-25,20:15,Chelsea,Man City,2,1,1,1,0,1,15,11,10,2,13,3,5,7,1,1,0,1,1,3,66.66666666666666,18.181818181818183,20,Night,25,6,2020,3,0,0,1,1,0,0,0,1,1,1,0,0,1,1,1,0,0,1,0,0,0,1,0,0,0,0,0,0,0,0,1,0,0,0,0,0,1,0,0,0,0,0
2020-06-27,12:30,Aston Villa,Wolves,0,1,2,0,0,0,11,9,1,2,16,16,2,2,1,1,0,0,0,1,9.090909090909092,22.22222222222222,12,Morning,27,6,2020,5,0,1,1,1,0,1,1,1,1,0,0,0,1,0,0,0,0,0,0,1,0,0,0,0,0,1,0,0,0,0,0,1,0,0,0,0,0,1,0,0,0,0
2020-06-28,16:30,Watford,Southampton,1,3,2,0,1,2,8,11,0,7,18,9,5,3,3,0,0,0,1,4,0.0,63.63636363636363,16,Afternoon,28,6,2020,6,1,0,1,1,0,0,0,0,1,1,0,0,1,1,1,1,0,1,0,0,0,0,1,0,0,0,0,0,1,0,0,0,0,0,0,0,0,1,0,0,0,0
2020-06-29,20:00,Crystal Palace,Burnley,0,1,2,0,0,0,17,8,4,4,12,13,9,1,1,1,0,0,0,1,23.52941176470588,50.0,20,Night,29,6,2020,0,0,1,1,1,0,1,1,1,1,0,0,0,1,0,0,0,0,0,0,1,0,0,0,0,0,1,0,0,0,0,0,1,0,0,0,0,0,1,0,0,0,0
2020-06-30,20:15,Brighton,Man United,0,3,2,0,2,2,8,12,2,6,10,9,4,5,0,1,0,0,2,3,25.0,50.0,20,Night,30,6,2020,1,0,0,0,1,0,0,0,1,1,1,1,0,1,1,1,0,0,0,0,0,0,0,1,0,0,0,0,0,0,0,0,1,0,0,0,0,0,1,0,0,0,0
2020-07-01,18:00,Arsenal,Norwich,4,0,1,2,0,1,13,8,8,2,10,10,6,2,1,4,0,0,2,4,61.53846153846154,25.0,18,Afternoon,1,7,2020,2,0,0,0,1,0,0,0,0,1,1,1,0,1,1,1,1,0,0,0,0,0,1,0,0,0,0,0,1,0,0,0,0,0,0,0,0,1,0,0,0,0,0
2020-07-01,18:00,Bournemouth,Newcastle,1,4,2,0,2,2,12,12,1,7,11,10,6,3,2,0,0,0,2,5,8.333333333333332,58.333333333333336,18,Afternoon,1,7,2020,2,0,0,0,1,0,0,0,0,0,1,1,0,1,1,1,1,1,1,0,0,0,0,1,0,0,0,0,0,1,0,0,0,0,0,1,0,0,0,0,0,0,0
2020-07-01,18:00,Everton,Leicester,2,1,1,2,0,1,7,15,2,3,13,10,3,5,1,1,0,0,2,3,28.57142857142857,20.0,18,Afternoon,1,7,2020,2,0,0,0,1,0,0,0,1,1,1,1,0,1,1,1,0,0,1,0,0,0,1,0,0,0,0,0,0,0,0,1,0,0,0,0,0,1,0,0,0,0,0
2020-07-01,20:15,West Ham,Chelsea,3,2,1,1,1,0,10,17,4,6,10,9,2,3,2,1,0,0,2,5,40.0,35.294117647058826,20,Night,1,7,2020,2,0,0,1,1,0,0,0,0,0,1,0,0,1,1,1,1,1,1,0,0,0,1,0,0,0,0,0,1,0,0,0,0,0,1,0,0,0,0,0,0,0,0
2020-07-02,18:00,Sheffield United,Tottenham,3,1,1,1,0,1,7,9,5,2,13,13,1,6,2,0,0,0,1,4,71.42857142857143,22.22222222222222,18,Afternoon,2,7,2020,3,0,0,1,1,0,0,0,0,1,1,0,0,1,1,1,1,0,1,0,0,0,1,0,0,0,0,0,1,0,0,0,0,0,0,0,0,1,0,0,0,0,0
2020-07-02,20:15,Man City,Liverpool,4,0,1,3,0,1,14,11,6,3,8,7,3,3,2,2,0,0,3,4,42.857142857142854,27.27272727272727,20,Night,2,7,2020,3,0,0,0,0,0,0,0,0,1,1,1,1,1,1,1,1,0,0,0,0,0,1,0,0,0,0,0,1,0,0,0,0,0,0,0,0,1,0,0,0,0,0
2020-07-04,12:30,Norwich,Brighton,0,1,2,0,1,2,12,8,1,2,11,13,0,2,2,2,0,0,1,1,8.333333333333332,25.0,12,Morning,4,7,2020,5,0,0,1,1,0,1,1,1,1,1,0,0,1,0,0,0,0,0,0,1,0,0,0,0,0,1,0,0,0,0,0,1,0,0,0,0,0,1,0,0,0,0
2020-07-04,15:00,Leicester,Crystal Palace,3,0,1,0,0,0,15,7,4,1,18,8,3,7,2,1,0,0,0,3,26.666666666666668,14.285714285714285,15,Morning,4,7,2020,5,0,1,1,1,0,0,0,1,1,0,0,0,1,1,1,0,0,0,0,0,0,1,0,0,0,0,0,0,0,0,1,0,0,0,0,0,1,0,0,0,0,0
2020-07-04,15:00,Man United,Bournemouth,5,2,1,3,1,1,19,7,10,3,13,12,8,3,0,1,0,0,4,7,52.63157894736842,42.857142857142854,15,Morning,4,7,2020,5,0,0,0,0,0,0,0,0,0,1,1,1,1,1,1,1,1,1,0,0,0,1,0,0,0,0,0,1,0,0,0,0,0,1,0,0,0,0,0,1,0,0
2020-07-04,17:30,Wolves,Arsenal,0,2,2,0,1,2,10,8,1,5,6,11,3,5,2,4,0,0,1,2,10.0,62.5,17,Afternoon,4,7,2020,5,0,0,1,1,0,0,1,1,1,1,0,0,1,1,0,0,0,0,0,0,0,0,0,0,0,1,0,0,0,0,0,1,0,0,0,0,0,1,0,0,0,0
2020-07-04,20:00,Chelsea,Watford,3,0,1,2,0,1,21,7,9,3,9,12,5,3,0,2,0,0,2,3,42.857142857142854,42.857142857142854,20,Night,4,7,2020,5,0,0,0,1,0,0,0,1,1,1,1,0,1,1,1,0,0,0,0,0,0,1,0,0,0,0,0,0,0,0,1,0,0,0,0,0,1,0,0,0,0,0
2020-07-05,12:00,Burnley,Sheffield United,1,1,0,1,0,1,9,10,4,3,8,14,3,9,0,0,0,0,1,2,44.44444444444444,30.0,12,Morning,5,7,2020,6,1,0,1,1,0,0,1,1,1,1,0,0,1,1,0,0,0,1,0,0,0,0,0,0,0,0,1,0,0,0,0,0,1,0,0,0,0,0,1,0,0,0
2020-07-05,14:15,Newcastle,West Ham,2,2,0,1,1,0,11,17,4,7,9,11,6,4,0,0,0,0,2,4,36.36363636363637,41.17647058823529,14,Morning,5,7,2020,6,1,0,1,1,0,0,0,0,1,1,0,0,1,1,1,1,0,1,0,0,0,0,0,1,0,0,0,0,0,1,0,0,0,0,0,0,0,0,1,0,0,0
2020-07-05,16:30,Liverpool,Aston Villa,2,0,1,0,0,0,6,9,4,3,18,8,7,5,1,1,0,0,0,2,66.66666666666666,33.33333333333333,16,Afternoon,5,7,2020,6,1,1,1,1,0,0,1,1,1,0,0,0,1,1,0,0,0,0,0,0,0,0,0,0,1,0,0,0,0,0,1,0,0,0,0,0,1,0,0,0,0,0
2020-07-05,19:00,Southampton,Man City,1,0,1,1,0,1,8,26,4,6,6,7,2,13,1,2,0,0,1,1,50.0,23.076923076923077,19,Night,5,7,2020,6,1,0,1,1,0,1,1,1,1,1,0,0,1,0,0,0,0,0,1,0,0,0,0,0,1,0,0,0,0,0,1,0,0,0,0,0,1,0,0,0,0,0
2020-07-06,20:00,Tottenham,Everton,1,0,1,1,0,1,12,11,2,3,14,18,5,6,3,2,0,0,1,1,16.666666666666664,27.27272727272727,20,Night,6,7,2020,0,0,0,1,1,0,1,1,1,1,1,0,0,1,0,0,0,0,0,1,0,0,0,0,0,1,0,0,0,0,0,1,0,0,0,0,0,1,0,0,0,0,0
2020-07-07,18:00,Crystal Palace,Chelsea,2,3,2,1,2,2,13,14,4,6,11,10,7,9,1,0,0,0,3,5,30.76923076923077,42.857142857142854,18,Afternoon,7,7,2020,1,0,0,0,1,0,0,0,0,0,1,1,0,1,1,1,1,1,1,0,0,0,0,1,0,0,0,0,0,1,0,0,0,0,0,1,0,0,0,0,0,0,0
2020-07-07,18:00,Watford,Norwich,2,1,1,1,1,0,9,12,4,3,11,15,4,3,2,4,0,0,2,3,44.44444444444444,25.0,18,Afternoon,7,7,2020,1,0,0,1,1,0,0,0,1,1,1,0,0,1,1,1,0,0,1,0,0,0,1,0,0,0,0,0,0,0,0,1,0,0,0,0,0,1,0,0,0,0,0
2020-07-07,20:15,Arsenal,Leicester,1,1,0,1,0,1,11,13,7,5,10,14,10,1,1,0,1,0,1,2,63.63636363636363,38.46153846153847,20,Night,7,7,2020,1,0,0,1,1,0,0,1,1,1,1,0,0,1,1,0,0,0,1,0,0,0,0,0,0,0,0,1,0,0,0,0,0,1,0,0,0,0,0,1,0,0,0
2020-07-08,18:00,Man City,Newcastle,5,0,1,2,0,1,23,6,9,1,12,7,8,1,0,0,0,0,2,5,39.130434782608695,16.666666666666664,18,Afternoon,8,7,2020,2,0,0,0,1,0,0,0,0,0,1,1,0,1,1,1,1,1,0,0,0,0,1,0,0,0,0,0,1,0,0,0,0,0,1,0,0,0,0,0,0,0,0
2020-07-08,18:00,Sheffield United,Wolves,1,0,1,0,0,0,7,6,3,1,5,6,6,1,2,0,0,0,0,1,42.857142857142854,16.666666666666664,18,Afternoon,8,7,2020,2,0,1,1,1,0,1,1,1,1,0,0,0,1,0,0,0,0,0,1,0,0,0,0,0,1,0,0,0,0,0,1,0,0,0,0,0,1,0,0,0,0,0
2020-07-08,18:00,West Ham,Burnley,0,1,2,0,1,2,21,8,5,4,7,7,10,3,1,1,0,0,1,1,23.809523809523807,50.0,18,Afternoon,8,7,2020,2,0,0,1,1,0,1,1,1,1,1,0,0,1,0,0,0,0,0,0,1,0,0,0,0,0,1,0,0,0,0,0,1,0,0,0,0,0,1,0,0,0,0
2020-07-08,20:15,Brighton,Liverpool,1,3,2,1,2,2,12,19,2,8,7,15,6,10,1,4,0,0,3,4,16.666666666666664,42.10526315789473,20,Night,8,7,2020,2,0,0,0,1,0,0,0,0,1,1,1,0,1,1,1,1,0,1,0,0,0,0,1,0,0,0,0,0,1,0,0,0,0,0,0,0,0,1,0,0,0,0
2020-07-09,18:00,Bournemouth,Tottenham,0,0,0,0,0,0,9,9,2,0,11,14,8,12,3,2,0,0,0,0,22.22222222222222,0.0,18,Afternoon,9,7,2020,3,0,1,1,1,1,1,1,1,1,0,0,0,0,0,0,0,0,0,0,0,1,0,0,0,0,0,1,0,0,0,0,0,1,0,0,0,0,0,1,0,0,0
2020-07-09,18:00,Everton,Southampton,1,1,0,1,1,0,11,17,4,4,13,14,3,5,3,3,0,0,2,2,36.36363636363637,23.52941176470588,18,Afternoon,9,7,2020,3,0,0,1,1,0,0,1,1,1,1,0,0,1,1,0,0,0,1,0,0,0,0,0,0,0,0,1,0,0,0,0,0,1,0,0,0,0,0,1,0,0,0
2020-07-09,20:15,Aston Villa,Man United,0,3,2,0,2,2,9,14,1,6,7,13,3,5,2,3,0,0,2,3,11.11111111111111,42.857142857142854,20,Night,9,7,2020,3,0,0,0,1,0,0,0,1,1,1,1,0,1,1,1,0,0,0,0,0,0,0,1,0,0,0,0,0,0,0,0,1,0,0,0,0,0,1,0,0,0,0
2020-07-11,12:30,Norwich,West Ham,0,4,2,0,2,2,11,19,2,7,9,8,1,6,1,0,0,0,2,4,18.181818181818183,36.84210526315789,12,Morning,11,7,2020,5,0,0,0,1,0,0,0,0,1,1,1,0,1,1,1,1,0,0,0,0,0,0,1,0,0,0,0,0,1,0,0,0,0,0,0,0,0,1,0,0,0,0
2020-07-11,12:30,Watford,Newcastle,2,1,1,0,1,2,17,8,5,4,23,15,2,4,1,4,0,0,1,3,29.411764705882355,50.0,12,Morning,11,7,2020,5,0,0,1,1,0,0,0,1,1,1,0,0,1,1,1,0,0,1,0,0,0,1,0,0,0,0,0,0,0,0,1,0,0,0,0,0,1,0,0,0,0,0
2020-07-11,15:00,Liverpool,Burnley,1,1,0,1,0,1,23,6,9,2,7,4,12,6,1,2,0,0,1,2,39.130434782608695,33.33333333333333,15,Morning,11,7,2020,5,0,0,1,1,0,0,1,1,1,1,0,0,1,1,0,0,0,1,0,0,0,0,0,0,0,0,1,0,0,0,0,0,1,0,0,0,0,0,1,0,0,0
2020-07-11,17:30,Sheffield United,Chelsea,3,0,1,2,0,1,9,15,4,4,8,6,4,6,1,0,0,0,2,3,44.44444444444444,26.666666666666668,17,Afternoon,11,7,2020,5,0,0,0,1,0,0,0,1,1,1,1,0,1,1,1,0,0,0,0,0,0,1,0,0,0,0,0,0,0,0,1,0,0,0,0,0,1,0,0,0,0,0
2020-07-11,20:00,Brighton,Man City,0,5,2,0,2,2,3,26,0,8,7,3,2,7,1,0,0,0,2,5,0.0,30.76923076923077,20,Night,11,7,2020,5,0,0,0,1,0,0,0,0,0,1,1,0,1,1,1,1,1,0,0,0,0,0,1,0,0,0,0,0,1,0,0,0,0,0,1,0,0,0,0,0,0,0
2020-07-12,12:00,Wolves,Everton,3,0,1,1,0,1,14,6,7,2,9,9,5,2,0,2,0,0,1,3,50.0,33.33333333333333,12,Morning,12,7,2020,6,1,0,1,1,0,0,0,1,1,1,0,0,1,1,1,0,0,0,0,0,0,1,0,0,0,0,0,0,0,0,1,0,0,0,0,0,1,0,0,0,0,0
2020-07-12,14:15,Aston Villa,Crystal Palace,2,0,1,1,0,1,12,9,9,5,21,21,5,1,2,4,0,1,1,2,75.0,55.55555555555556,14,Morning,12,7,2020,6,1,0,1,1,0,0,1,1,1,1,0,0,1,1,0,0,0,0,0,0,0,0,0,0,1,0,0,0,0,0,1,0,0,0,0,0,1,0,0,0,0,0
2020-07-12,16:30,Tottenham,Arsenal,2,1,1,1,1,0,15,13,9,4,16,11,6,5,5,3,0,0,2,3,60.0,30.76923076923077,16,Afternoon,12,7,2020,6,1,0,1,1,0,0,0,1,1,1,0,0,1,1,1,0,0,1,0,0,0,1,0,0,0,0,0,0,0,0,1,0,0,0,0,0,1,0,0,0,0,0
2020-07-12,19:00,Bournemouth,Leicester,4,1,1,0,1,2,10,13,4,5,11,12,2,6,2,1,0,1,1,5,40.0,38.46153846153847,19,Night,12,7,2020,6,1,0,1,1,0,0,0,0,0,1,0,0,1,1,1,1,1,1,0,0,0,1,0,0,0,0,0,1,0,0,0,0,0,1,0,0,0,0,0,0,0,0
2020-07-13,20:00,Man United,Southampton,2,2,0,2,1,1,8,9,4,5,14,15,4,6,1,3,0,0,3,4,50.0,55.55555555555556,20,Night,13,7,2020,0,0,0,0,1,0,0,0,0,1,1,1,0,1,1,1,1,0,1,0,0,0,0,0,1,0,0,0,0,0,1,0,0,0,0,0,0,0,0,1,0,0,0
2020-07-14,20:15,Chelsea,Norwich,1,0,1,1,0,1,22,2,6,0,10,9,8,1,2,2,0,0,1,1,27.27272727272727,0.0,20,Night,14,7,2020,1,0,0,1,1,0,1,1,1,1,1,0,0,1,0,0,0,0,0,1,0,0,0,0,0,1,0,0,0,0,0,1,0,0,0,0,0,1,0,0,0,0,0
2020-07-15,18:00,Burnley,Wolves,1,1,0,0,0,0,9,14,1,5,10,8,3,8,0,0,0,0,0,2,11.11111111111111,35.714285714285715,18,Afternoon,15,7,2020,2,0,1,1,1,0,0,1,1,1,0,0,0,1,1,0,0,0,1,0,0,0,0,0,0,0,0,1,0,0,0,0,0,1,0,0,0,0,0,1,0,0,0
2020-07-15,18:00,Man City,Bournemouth,2,1,1,2,0,1,8,15,4,3,10,10,3,5,1,1,0,0,2,3,50.0,20.0,18,Afternoon,15,7,2020,2,0,0,0,1,0,0,0,1,1,1,1,0,1,1,1,0,0,1,0,0,0,1,0,0,0,0,0,0,0,0,1,0,0,0,0,0,1,0,0,0,0,0
2020-07-15,18:00,Newcastle,Tottenham,1,3,2,0,1,2,22,8,6,5,6,13,5,4,2,3,0,0,1,4,27.27272727272727,62.5,18,Afternoon,15,7,2020,2,0,0,1,1,0,0,0,0,1,1,0,0,1,1,1,1,0,1,0,0,0,0,1,0,0,0,0,0,1,0,0,0,0,0,0,0,0,1,0,0,0,0
2020-07-15,20:15,Arsenal,Liverpool,2,1,1,2,1,1,3,24,2,8,14,10,2,13,3,1,0,0,3,3,66.66666666666666,33.33333333333333,20,Night,15,7,2020,2,0,0,0,1,0,0,0,1,1,1,1,0,1,1,1,0,0,1,0,0,0,1,0,0,0,0,0,0,0,0,1,0,0,0,0,0,1,0,0,0,0,0
2020-07-16,18:00,Everton,Aston Villa,1,1,0,0,0,0,9,15,1,1,15,13,5,5,2,1,0,0,0,2,11.11111111111111,6.666666666666667,18,Afternoon,16,7,2020,3,0,1,1,1,0,0,1,1,1,0,0,0,1,1,0,0,0,1,0,0,0,0,0,0,0,0,1,0,0,0,0,0,1,0,0,0,0,0,1,0,0,0
2020-07-16,18:00,Leicester,Sheffield United,2,0,1,1,0,1,15,5,7,1,12,10,9,5,1,2,0,0,1,2,46.666666666666664,20.0,18,Afternoon,16,7,2020,3,0,0,1,1,0,0,1,1,1,1,0,0,1,1,0,0,0,0,0,0,0,0,0,0,1,0,0,0,0,0,1,0,0,0,0,0,1,0,0,0,0,0
2020-07-16,20:15,Crystal Palace,Man United,0,2,2,0,1,2,13,17,5,5,10,15,2,7,1,2,0,0,1,2,38.46153846153847,29.411764705882355,20,Night,16,7,2020,3,0,0,1,1,0,0,1,1,1,1,0,0,1,1,0,0,0,0,0,0,0,0,0,0,0,1,0,0,0,0,0,1,0,0,0,0,0,1,0,0,0,0
2020-07-16,20:15,Southampton,Brighton,1,1,0,0,1,2,21,10,6,2,6,10,8,2,1,0,0,0,1,2,28.57142857142857,20.0,20,Night,16,7,2020,3,0,0,1,1,0,0,1,1,1,1,0,0,1,1,0,0,0,1,0,0,0,0,0,0,0,0,1,0,0,0,0,0,1,0,0,0,0,0,1,0,0,0
2020-07-17,20:00,West Ham,Watford,3,1,1,3,0,1,10,14,4,3,11,11,9,3,0,2,0,0,3,4,40.0,21.428571428571427,20,Night,17,7,2020,4,0,0,0,0,0,0,0,0,1,1,1,1,1,1,1,1,0,1,0,0,0,1,0,0,0,0,0,1,0,0,0,0,0,0,0,0,1,0,0,0,0,0
2020-07-18,17:30,Norwich,Burnley,0,2,2,0,1,2,6,23,2,8,9,16,6,8,0,0,2,0,1,2,33.33333333333333,34.78260869565217,17,Afternoon,18,7,2020,5,0,0,1,1,0,0,1,1,1,1,0,0,1,1,0,0,0,0,0,0,0,0,0,0,0,1,0,0,0,0,0,1,0,0,0,0,0,1,0,0,0,0
2020-07-19,14:00,Bournemouth,Southampton,0,2,2,0,1,2,11,16,3,8,12,11,12,6,2,2,0,0,1,2,27.27272727272727,50.0,14,Morning,19,7,2020,6,1,0,1,1,0,0,1,1,1,1,0,0,1,1,0,0,0,0,0,0,0,0,0,0,0,1,0,0,0,0,0,1,0,0,0,0,0,1,0,0,0,0
2020-07-19,16:00,Tottenham,Leicester,3,0,1,3,0,1,7,24,3,6,15,10,4,13,2,1,0,0,3,3,42.857142857142854,25.0,16,Afternoon,19,7,2020,6,1,0,0,0,0,0,0,1,1,1,1,1,1,1,1,0,0,0,0,0,0,1,0,0,0,0,0,0,0,0,1,0,0,0,0,0,1,0,0,0,0,0
2020-07-20,18:00,Brighton,Newcastle,0,0,0,0,0,0,11,12,3,1,13,12,9,7,4,2,0,0,0,0,27.27272727272727,8.333333333333332,18,Afternoon,20,7,2020,0,0,1,1,1,1,1,1,1,1,0,0,0,0,0,0,0,0,0,0,0,1,0,0,0,0,0,1,0,0,0,0,0,1,0,0,0,0,0,1,0,0,0
2020-07-20,18:00,Sheffield United,Everton,0,1,2,0,0,0,8,5,0,2,11,19,7,1,1,3,0,0,0,1,0.0,40.0,18,Afternoon,20,7,2020,0,0,1,1,1,0,1,1,1,1,0,0,0,1,0,0,0,0,0,0,1,0,0,0,0,0,1,0,0,0,0,0,1,0,0,0,0,0,1,0,0,0,0
2020-07-20,20:15,Wolves,Crystal Palace,2,0,1,1,0,1,11,7,5,3,11,15,5,2,2,1,0,0,1,2,45.45454545454545,42.857142857142854,20,Night,20,7,2020,0,0,0,1,1,0,0,1,1,1,1,0,0,1,1,0,0,0,0,0,0,0,0,0,0,1,0,0,0,0,0,1,0,0,0,0,0,1,0,0,0,0,0
2020-07-21,18:00,Watford,Man City,0,4,2,0,2,2,2,26,0,10,14,11,0,8,2,0,0,0,2,4,0.0,38.46153846153847,18,Afternoon,21,7,2020,1,0,0,0,1,0,0,0,0,1,1,1,0,1,1,1,1,0,0,0,0,0,0,1,0,0,0,0,0,1,0,0,0,0,0,0,0,0,1,0,0,0,0
2020-07-21,20:15,Aston Villa,Arsenal,1,0,1,1,0,1,8,7,3,0,13,19,8,9,2,4,0,0,1,1,37.5,0.0,20,Night,21,7,2020,1,0,0,1,1,0,1,1,1,1,1,0,0,1,0,0,0,0,0,1,0,0,0,0,0,1,0,0,0,0,0,1,0,0,0,0,0,1,0,0,0,0,0
2020-07-22,18:00,Man United,West Ham,1,1,0,0,1,2,11,12,4,3,10,9,2,3,3,1,0,0,1,2,36.36363636363637,25.0,18,Afternoon,22,7,2020,2,0,0,1,1,0,0,1,1,1,1,0,0,1,1,0,0,0,1,0,0,0,0,0,0,0,0,1,0,0,0,0,0,1,0,0,0,0,0,1,0,0,0
2020-07-22,20:15,Liverpool,Chelsea,5,3,1,3,1,1,10,10,7,5,8,11,6,0,1,0,0,0,4,8,70.0,50.0,20,Night,22,7,2020,2,0,0,0,0,0,0,0,0,0,1,1,1,1,1,1,1,1,1,0,0,0,1,0,0,0,0,0,1,0,0,0,0,0,1,0,0,0,0,0,1,0,0
2020-07-26,16:00,Arsenal,Watford,3,2,1,3,1,1,13,19,5,6,9,12,4,8,3,3,0,0,4,5,38.46153846153847,31.57894736842105,16,Afternoon,26,7,2020,6,1,0,0,0,0,0,0,0,0,1,1,1,1,1,1,1,1,1,0,0,0,1,0,0,0,0,0,1,0,0,0,0,0,1,0,0,0,0,0,0,0,0
2020-07-26,16:00,Burnley,Brighton,1,2,2,1,1,0,13,14,2,4,11,11,6,7,3,0,0,0,2,3,15.384615384615385,28.57142857142857,16,Afternoon,26,7,2020,6,1,0,1,1,0,0,0,1,1,1,0,0,1,1,1,0,0,1,0,0,0,0,1,0,0,0,0,0,0,0,0,1,0,0,0,0,0,1,0,0,0,0
2020-07-26,16:00,Chelsea,Wolves,2,0,1,2,0,1,11,5,3,1,10,16,3,3,2,3,0,0,2,2,27.27272727272727,20.0,16,Afternoon,26,7,2020,6,1,0,0,1,0,0,1,1,1,1,1,0,1,1,0,0,0,0,0,0,0,0,0,0,1,0,0,0,0,0,1,0,0,0,0,0,1,0,0,0,0,0
2020-07-26,16:00,Crystal Palace,Tottenham,1,1,0,0,1,2,13,7,2,2,11,13,7,2,3,2,0,0,1,2,15.384615384615385,28.57142857142857,16,Afternoon,26,7,2020,6,1,0,1,1,0,0,1,1,1,1,0,0,1,1,0,0,0,1,0,0,0,0,0,0,0,0,1,0,0,0,0,0,1,0,0,0,0,0,1,0,0,0
2020-07-26,16:00,Everton,Bournemouth,1,3,2,1,2,2,13,13,5,7,11,9,2,5,1,0,0,0,3,4,38.46153846153847,53.84615384615385,16,Afternoon,26,7,2020,6,1,0,0,1,0,0,0,0,1,1,1,0,1,1,1,1,0,1,0,0,0,0,1,0,0,0,0,0,1,0,0,0,0,0,0,0,0,1,0,0,0,0
2020-07-26,16:00,Leicester,Man United,0,2,2,0,0,0,14,7,3,3,12,11,3,3,1,4,1,0,0,2,21.428571428571427,42.857142857142854,16,Afternoon,26,7,2020,6,1,1,1,1,0,0,1,1,1,0,0,0,1,1,0,0,0,0,0,0,0,0,0,0,0,1,0,0,0,0,0,1,0,0,0,0,0,1,0,0,0,0
2020-07-26,16:00,Man City,Norwich,5,0,1,2,0,1,31,5,10,4,7,4,9,0,1,1,0,0,2,5,32.25806451612903,80.0,16,Afternoon,26,7,2020,6,1,0,0,1,0,0,0,0,0,1,1,0,1,1,1,1,1,0,0,0,0,1,0,0,0,0,0,1,0,0,0,0,0,1,0,0,0,0,0,0,0,0
2020-07-26,16:00,Newcastle,Liverpool,1,3,2,1,1,0,3,14,2,6,11,5,2,4,1,0,0,0,2,4,66.66666666666666,42.857142857142854,16,Afternoon,26,7,2020,6,1,0,1,1,0,0,0,0,1,1,0,0,1,1,1,1,0,1,0,0,0,0,1,0,0,0,0,0,1,0,0,0,0,0,0,0,0,1,0,0,0,0
2020-07-26,16:00,Southampton,Sheffield United,3,1,1,0,1,2,13,5,4,3,9,16,9,1,0,1,0,0,1,4,30.76923076923077,60.0,16,Afternoon,26,7,2020,6,1,0,1,1,0,0,0,0,1,1,0,0,1,1,1,1,0,1,0,0,0,1,0,0,0,0,0,1,0,0,0,0,0,0,0,0,1,0,0,0,0,0
2020-07-26,16:00,West Ham,Aston Villa,1,1,0,0,0,0,10,13,1,4,16,13,0,7,2,1,0,0,0,2,10.0,30.76923076923077,16,Afternoon,26,7,2020,6,1,1,1,1,0,0,1,1,1,0,0,0,1,1,0,0,0,1,0,0,0,0,0,0,0,0,1,0,0,0,0,0,1,0,0,0,0,0,1,0,0,0
